filename,fold
0000.png,2
0001.png,2
0002.png,3
0003.png,2
0004.png,3
0005.png,1
0006.png,3
0007.png,3
0008.png,1
0009.png,3
0010.png,4
0011.png,1
0012.png,0
0013.png,1
0014.png,0
0015.png,1
0016.png,1
0017.png,3
0018.png,3
0019.png,3
0020.png,2
0021.png,3
0022.png,2
0023.png,3
0024.png,3
0025.png,1
0026.png,3
0027.png,2
0028.png,0
0029.png,3
0030.png,4
0031.png,0
0032.png,2
0033.png,1
0034.png,1
0035.png,0
0036.png,3
0037.png,2
0038.png,0
0039.png,0
0040.png,1
0041.png,1
0042.png,1
0043.png,4
0044.png,4
0045.png,4
0046.png,0
0047.png,4
0048.png,0
0049.png,1
0050.png,3
0051.png,4
0052.png,4
0053.png,3
0054.png,0
0055.png,2
0056.png,2
0057.png,2
0058.png,3
0059.png,4
0060.png,3
0061.png,4
0062.png,1
0063.png,3
0064.png,0
0065.png,2
0066.png,0
0067.png,3
0068.png,0
0069.png,0
0070.png,2
0071.png,3
0072.png,1
0073.png,1
0074.png,4
0075.png,4
0076.png,1
0077.png,2
0078.png,0
0079.png,4
0080.png,1
0081.png,3
0082.png,3
0083.png,0
0084.png,1
0085.png,3
0086.png,2
0087.png,0
0088.png,0
0089.png,1
0090.png,3
0091.png,0
0092.png,1
0093.png,4
0094.png,4
0095.png,3
0096.png,2
0097.png,1
0098.png,2
0099.png,2
0100.png,4
0101.png,4
0102.png,4
0103.png,0
0104.png,2
0105.png,2
0106.png,3
0107.png,3
0108.png,2
0109.png,2
0110.png,3
0111.png,3
0112.png,2
0113.png,0
0114.png,0
0115.png,4
0116.png,2
0117.png,2
0118.png,4
0119.png,1
0120.png,3
0121.png,0
0122.png,0
0123.png,0
0124.png,2
0125.png,2
0126.png,1
0127.png,2
0128.png,2
0129.png,3
0130.png,2
0131.png,1
0132.png,4
0133.png,1
0134.png,1
0135.png,4
0136.png,0
0137.png,0
0138.png,0
0139.png,1
0140.png,1
0141.png,0
0142.png,0
0143.png,2
0144.png,1
0145.png,0
0146.png,4
0147.png,2
0148.png,2
0149.png,2
0150.png,3
0151.png,1
0152.png,1
0153.png,2
0154.png,3
0155.png,1
0156.png,0
0157.png,2
0158.png,0
0159.png,3
0160.png,2
0161.png,0
0162.png,0
0163.png,0
0164.png,1
0165.png,3
0166.png,3
0167.png,2
0168.png,3
0169.png,4
0170.png,4
0171.png,4
0172.png,2
0173.png,0
0174.png,0
0175.png,2
0176.png,2
0177.png,0
0178.png,1
0179.png,3
0180.png,1
0181.png,3
0182.png,4
0183.png,0
0184.png,4
0185.png,3
0186.png,2
0187.png,3
0188.png,3
0189.png,0
0190.png,3
0191.png,4
0192.png,1
0193.png,0
0194.png,0
0195.png,3
0196.png,4
0197.png,1
0198.png,1
0199.png,4
0200.png,3
0201.png,4
0202.png,1
0203.png,0
0204.png,3
0205.png,0
0206.png,1
0207.png,2
0208.png,1
0209.png,0
0210.png,0
0211.png,3
0212.png,3
0213.png,4
0214.png,2
0215.png,3
0216.png,3
0217.png,4
0218.png,0
0219.png,2
0220.png,3
0221.png,3
0222.png,0
0223.png,0
0224.png,3
0225.png,1
0226.png,3
0227.png,1
0228.png,3
0229.png,4
0230.png,4
0231.png,2
0232.png,0
0233.png,1
0234.png,3
0235.png,0
0236.png,0
0237.png,3
0238.png,1
0239.png,4
0240.png,4
0241.png,0
0242.png,3
0243.png,0
0244.png,3
0245.png,4
0246.png,2
0247.png,4
0248.png,1
0249.png,1
0250.png,3
0251.png,4
0252.png,3
0253.png,2
0254.png,2
0255.png,3
0256.png,1
0257.png,0
0258.png,2
0259.png,3
0260.png,2
0261.png,2
0262.png,4
0263.png,0
0264.png,3
0265.png,4
0266.png,4
0267.png,1
0268.png,3
0269.png,4
0270.png,2
0271.png,1
0272.png,4
0273.png,0
0274.png,3
0275.png,4
0276.png,1
0277.png,4
0278.png,2
0279.png,3
0280.png,2
0281.png,1
0282.png,1
0283.png,0
0284.png,1
0285.png,4
0286.png,1
0287.png,1
0288.png,2
0289.png,2
0290.png,3
0291.png,0
0292.png,2
0293.png,3
0294.png,1
0295.png,2
0296.png,0
0297.png,1
0298.png,0
0299.png,1
0300.png,1
0301.png,1
0302.png,3
0303.png,0
0304.png,0
0305.png,2
0306.png,0
0307.png,0
0308.png,3
0309.png,3
0310.png,3
0311.png,1
0312.png,1
0313.png,3
0314.png,3
0315.png,2
0316.png,1
0317.png,2
0318.png,0
0319.png,0
0320.png,2
0321.png,4
0322.png,4
0323.png,0
0324.png,1
0325.png,2
0326.png,0
0327.png,4
0328.png,3
0329.png,0
0330.png,2
0331.png,4
0332.png,2
0333.png,2
0334.png,2
0335.png,2
0336.png,2
0337.png,0
0338.png,2
0339.png,4
0340.png,4
0341.png,2
0342.png,1
0343.png,1
0344.png,3
0345.png,4
0346.png,0
0347.png,3
0348.png,0
0349.png,3
0350.png,3
0351.png,0
0352.png,3
0353.png,3
0354.png,2
0355.png,2
0356.png,0
0357.png,1
0358.png,3
0359.png,4
0360.png,0
0361.png,0
0362.png,2
0363.png,3
0364.png,1
0365.png,0
0366.png,3
0367.png,4
0368.png,2
0369.png,2
0370.png,3
0371.png,4
0372.png,4
0373.png,4
0374.png,3
0375.png,3
0376.png,2
0377.png,4
0378.png,1
0379.png,2
0380.png,3
0381.png,1
0382.png,4
0383.png,1
0384.png,0
0385.png,1
0386.png,1
0387.png,1
0388.png,2
0389.png,3
0390.png,1
0391.png,0
0392.png,0
0393.png,0
0394.png,0
0395.png,2
0396.png,0
0397.png,0
0398.png,4
0399.png,0
0400.png,4
0401.png,1
0402.png,4
0403.png,1
0404.png,0
0405.png,3
0406.png,0
0407.png,3
0408.png,2
0409.png,3
0410.png,2
0411.png,4
0412.png,1
0413.png,2
0414.png,0
0415.png,1
0416.png,0
0417.png,0
0418.png,2
0419.png,1
0420.png,2
0421.png,0
0422.png,2
0423.png,3
0424.png,0
0425.png,4
0426.png,2
0427.png,0
0428.png,3
0429.png,4
0430.png,4
0431.png,2
0432.png,2
0433.png,3
0434.png,0
0435.png,1
0436.png,2
0437.png,2
0438.png,2
0439.png,2
0440.png,2
0441.png,0
0442.png,1
0443.png,3
0444.png,4
0445.png,2
0446.png,0
0447.png,2
0448.png,4
0449.png,3
0450.png,4
0451.png,0
0452.png,1
0453.png,3
0454.png,2
0455.png,1
0456.png,3
0457.png,2
0458.png,2
0459.png,2
0460.png,2
0461.png,2
0462.png,3
0463.png,1
0464.png,0
0465.png,3
0466.png,1
0467.png,2
0468.png,2
0469.png,1
0470.png,0
0471.png,0
0472.png,3
0473.png,2
0474.png,3
0475.png,3
0476.png,3
0477.png,1
0478.png,2
0479.png,4
0480.png,3
0481.png,0
0482.png,1
0483.png,1
0484.png,2
0485.png,3
0486.png,2
0487.png,4
0488.png,3
0489.png,0
0490.png,2
0491.png,1
0492.png,1
0493.png,2
0494.png,3
0495.png,0
0496.png,1
0497.png,3
0498.png,0
0499.png,1
0500.png,3
0501.png,3
0502.png,1
0503.png,2
0504.png,2
0505.png,1
0506.png,2
0507.png,1
0508.png,2
0509.png,2
0510.png,2
0511.png,1
0512.png,3
0513.png,0
0514.png,2
0515.png,2
0516.png,0
0517.png,4
0518.png,2
0519.png,4
0520.png,2
0521.png,4
0522.png,4
0523.png,4
0524.png,3
0525.png,1
0526.png,3
0527.png,4
0528.png,4
0529.png,0
0530.png,2
0531.png,3
0532.png,2
0533.png,0
0534.png,2
0535.png,0
0536.png,4
0537.png,3
0538.png,2
0539.png,1
0540.png,2
0541.png,1
0542.png,0
0543.png,3
0544.png,0
0545.png,0
0546.png,1
0547.png,4
0548.png,2
0549.png,4
0550.png,1
0551.png,3
0552.png,0
0553.png,4
0554.png,2
0555.png,1
0556.png,4
0557.png,3
0558.png,3
0559.png,1
0560.png,4
0561.png,4
0562.png,0
0563.png,2
0564.png,0
0565.png,1
0566.png,2
0567.png,2
0568.png,2
0569.png,1
0570.png,2
0571.png,3
0572.png,4
0573.png,3
0574.png,4
0575.png,1
0576.png,1
0577.png,1
0578.png,1
0579.png,4
0580.png,3
0581.png,4
0582.png,4
0583.png,4
0584.png,4
0585.png,4
0586.png,3
0587.png,2
0588.png,0
0589.png,4
0590.png,1
0591.png,1
0592.png,2
0593.png,1
0594.png,4
0595.png,4
0596.png,2
0597.png,2
0598.png,3
0599.png,3
0600.png,4
0601.png,2
0602.png,0
0603.png,1
0604.png,0
0605.png,4
0606.png,0
0607.png,4
0608.png,0
0609.png,2
0610.png,4
0611.png,3
0612.png,0
0613.png,1
0614.png,0
0615.png,3
0616.png,1
0617.png,3
0618.png,3
0619.png,4
0620.png,3
0621.png,4
0622.png,3
0623.png,2
0624.png,3
0625.png,3
0626.png,0
0627.png,4
0628.png,4
0629.png,2
0630.png,0
0631.png,1
0632.png,4
0633.png,4
0634.png,1
0635.png,1
0636.png,4
0637.png,2
0638.png,4
0639.png,0
0640.png,2
0641.png,4
0642.png,1
0643.png,2
0644.png,4
0645.png,2
0646.png,3
0647.png,0
0648.png,0
0649.png,2
0650.png,1
0651.png,4
0652.png,3
0653.png,4
0654.png,1
0655.png,4
0656.png,1
0657.png,2
0658.png,0
0659.png,4
0660.png,4
0661.png,4
0662.png,3
0663.png,3
0664.png,4
0665.png,4
0666.png,2
0667.png,2
0668.png,3
0669.png,1
0670.png,3
0671.png,0
0672.png,0
0673.png,3
0674.png,1
0675.png,3
0676.png,2
0677.png,2
0678.png,4
0679.png,1
0680.png,2
0681.png,1
0682.png,4
0683.png,3
0684.png,4
0685.png,1
0686.png,3
0687.png,2
0688.png,1
0689.png,3
0690.png,3
0691.png,0
0692.png,3
0693.png,1
0694.png,0
0695.png,3
0696.png,1
0697.png,3
0698.png,1
0699.png,2
0700.png,3
0701.png,0
0702.png,3
0703.png,4
0704.png,1
0705.png,2
0706.png,2
0707.png,2
0708.png,3
0709.png,4
0710.png,3
0711.png,0
0712.png,4
0713.png,4
0714.png,2
0715.png,0
0716.png,4
0717.png,1
0718.png,2
0719.png,3
0720.png,4
0721.png,1
0722.png,2
0723.png,0
0724.png,2
0725.png,0
0726.png,4
0727.png,0
0728.png,0
0729.png,2
0730.png,2
0731.png,2
0732.png,1
0733.png,1
0734.png,1
0735.png,3
0736.png,2
0737.png,3
0738.png,2
0739.png,1
0740.png,4
0741.png,4
0742.png,0
0743.png,3
0744.png,1
0745.png,4
0746.png,4
0747.png,4
0748.png,4
0749.png,2
0750.png,2
0751.png,0
0752.png,4
0753.png,1
0754.png,0
0755.png,1
0756.png,2
0757.png,2
0758.png,4
0759.png,4
0760.png,3
0761.png,3
0762.png,2
0763.png,2
0764.png,4
0765.png,4
0766.png,4
0767.png,2
0768.png,0
0769.png,0
0770.png,3
0771.png,3
0772.png,0
0773.png,4
0774.png,2
0775.png,0
0776.png,4
0777.png,4
0778.png,2
0779.png,4
0780.png,2
0781.png,4
0782.png,2
0783.png,3
0784.png,1
0785.png,2
0786.png,0
0787.png,0
0788.png,0
0789.png,4
0790.png,1
0791.png,0
0792.png,2
0793.png,2
0794.png,2
0795.png,4
0796.png,2
0797.png,1
0798.png,3
0799.png,1
0800.png,4
0801.png,0
0802.png,2
0803.png,2
0804.png,1
0805.png,1
0806.png,4
0807.png,3
0808.png,3
0809.png,2
0810.png,2
0811.png,1
0812.png,4
0813.png,4
0814.png,4
0815.png,3
0816.png,0
0817.png,1
0818.png,2
0819.png,0
0820.png,0
0821.png,4
0822.png,1
0823.png,3
0824.png,3
0825.png,3
0826.png,3
0827.png,4
0828.png,3
0829.png,1
0830.png,3
0831.png,4
0832.png,1
0833.png,2
0834.png,2
0835.png,1
0836.png,0
0837.png,3
0838.png,2
0839.png,2
0840.png,1
0841.png,1
0842.png,3
0843.png,0
0844.png,0
0845.png,3
0846.png,3
0847.png,4
0848.png,1
0849.png,4
0850.png,1
0851.png,4
0852.png,4
0853.png,1
0854.png,0
0855.png,3
0856.png,2
0857.png,4
0858.png,2
0859.png,0
0860.png,2
0861.png,2
0862.png,4
0863.png,1
0864.png,1
0865.png,1
0866.png,0
0867.png,0
0868.png,3
0869.png,2
0870.png,0
0871.png,2
0872.png,2
0873.png,1
0874.png,3
0875.png,3
0876.png,1
0877.png,2
0878.png,1
0879.png,1
0880.png,3
0881.png,4
0882.png,1
0883.png,0
0884.png,0
0885.png,2
0886.png,0
0887.png,1
0888.png,0
0889.png,0
0890.png,0
0891.png,1
0892.png,0
0893.png,1
0894.png,1
0895.png,3
0896.png,4
0897.png,1
0898.png,0
0899.png,0
0900.png,1
0901.png,2
0902.png,4
0903.png,2
0904.png,0
0905.png,2
0906.png,3
0907.png,1
0908.png,1
0909.png,0
0910.png,4
0911.png,3
0912.png,2
0913.png,1
0914.png,0
0915.png,3
0916.png,1
0917.png,3
0918.png,4
0919.png,4
0920.png,0
0921.png,2
0922.png,1
0923.png,3
0924.png,3
0925.png,2
0926.png,3
0927.png,0
0928.png,3
0929.png,1
0930.png,0
0931.png,1
0932.png,3
0933.png,4
0934.png,1
0935.png,1
0936.png,4
0937.png,4
0938.png,4
0939.png,3
0940.png,1
0941.png,0
0942.png,0
0943.png,2
0944.png,4
0945.png,3
0946.png,4
0947.png,1
0948.png,4
0949.png,3
0950.png,0
0951.png,2
0952.png,2
0953.png,0
0954.png,1
0955.png,4
0956.png,0
0957.png,3
0958.png,3
0959.png,2
0960.png,4
0961.png,1
0962.png,1
0963.png,0
0964.png,3
0965.png,3
0966.png,2
0967.png,2
0968.png,2
0969.png,0
0970.png,0
0971.png,2
0972.png,2
0973.png,4
0974.png,2
0975.png,1
0976.png,0
0977.png,4
0978.png,4
0979.png,0
0980.png,3
0981.png,3
0982.png,0
0983.png,2
0984.png,0
0985.png,4
0986.png,2
0987.png,2
0988.png,4
0989.png,4
0990.png,1
0991.png,0
0992.png,0
0993.png,1
0994.png,4
0995.png,4
0996.png,1
0997.png,4
0998.png,4
0999.png,4
1000.png,4
1001.png,1
1002.png,0
1003.png,4
1004.png,3
1005.png,1
1006.png,3
1007.png,4
1008.png,4
1009.png,2
1010.png,2
1011.png,4
1012.png,0
1013.png,1
1014.png,4
1015.png,2
1016.png,3
1017.png,1
1018.png,3
1019.png,0
1020.png,2
1021.png,3
1022.png,3
1023.png,2
1024.png,0
1025.png,0
1026.png,3
1027.png,1
1028.png,0
1029.png,1
1030.png,1
1031.png,3
1032.png,0
1033.png,1
1034.png,4
1035.png,3
1036.png,2
1037.png,0
1038.png,4
1039.png,3
1040.png,0
1041.png,3
1042.png,4
1043.png,3
1044.png,1
1045.png,2
1046.png,2
1047.png,0
1048.png,1
1049.png,3
1050.png,4
1051.png,4
1052.png,0
1053.png,3
1054.png,3
1055.png,4
1056.png,3
1057.png,0
1058.png,4
1059.png,1
1060.png,0
1061.png,2
1062.png,3
1063.png,4
1064.png,1
1065.png,3
1066.png,2
1067.png,1
1068.png,4
1069.png,4
1070.png,1
1071.png,4
1072.png,4
1073.png,1
1074.png,0
1075.png,3
1076.png,1
1077.png,0
1078.png,4
1079.png,0
1080.png,1
1081.png,0
1082.png,4
1083.png,4
1084.png,1
1085.png,2
1086.png,2
1087.png,3
1088.png,0
1089.png,3
1090.png,0
1091.png,4
1092.png,0
1093.png,4
1094.png,1
1095.png,0
1096.png,0
1097.png,1
1098.png,1
1099.png,3
1100.png,1
1101.png,1
1102.png,4
1103.png,1
1104.png,4
1105.png,4
1106.png,4
1107.png,4
1108.png,4
1109.png,3
1110.png,0
1111.png,1
1112.png,0
1113.png,4
1114.png,1
1115.png,3
1116.png,0
1117.png,2
1118.png,0
1119.png,0
1120.png,4
1121.png,2
1122.png,1
1123.png,3
1124.png,0
1125.png,3
1126.png,4
1127.png,0
1128.png,1
1129.png,2
1130.png,0
1131.png,4
1132.png,4
1133.png,3
1134.png,1
1135.png,2
1136.png,2
1137.png,1
1138.png,1
1139.png,0
1140.png,2
1141.png,0
1142.png,1
1143.png,0
1144.png,2
1145.png,2
1146.png,3
1147.png,4
1148.png,3
1149.png,4
1150.png,1
1151.png,3
1152.png,4
1153.png,4
1154.png,4
1155.png,4
1156.png,2
1157.png,4
1158.png,0
1159.png,4
1160.png,3
1161.png,4
1162.png,3
1163.png,4
1164.png,3
1165.png,3
1166.png,4
1167.png,4
1168.png,3
1169.png,3
1170.png,1
1171.png,0
1172.png,4
1173.png,0
1174.png,4
1175.png,3
1176.png,1
1177.png,2
1178.png,1
1179.png,2
1180.png,3
1181.png,1
1182.png,1
1183.png,4
1184.png,0
1185.png,2
1186.png,0
1187.png,3
1188.png,0
1189.png,3
1190.png,2
1191.png,3
1192.png,2
1193.png,0
1194.png,4
1195.png,0
1196.png,1
1197.png,4
1198.png,0
1199.png,4
1200.png,4
1201.png,1
1202.png,4
1203.png,1
1204.png,3
1205.png,1
1206.png,1
1207.png,3
1208.png,0
1209.png,1
1210.png,1
1211.png,4
1212.png,2
1213.png,2
1214.png,2
1215.png,3
1216.png,0
1217.png,4
1218.png,3
1219.png,0
1220.png,1
1221.png,3
1222.png,4
1223.png,3
1224.png,1
1225.png,2
1226.png,0
1227.png,2
1228.png,2
1229.png,0
1230.png,1
1231.png,2
1232.png,2
1233.png,3
1234.png,4
1235.png,0
1236.png,1
1237.png,4
1238.png,4
1239.png,0
1240.png,1
1241.png,4
1242.png,3
1243.png,1
1244.png,4
1245.png,3
1246.png,0
1247.png,0
1248.png,2
1249.png,1
1250.png,4
1251.png,0
1252.png,4
1253.png,0
1254.png,3
1255.png,1
1256.png,2
1257.png,3
1258.png,4
1259.png,0
1260.png,2
1261.png,2
1262.png,0
1263.png,4
1264.png,2
1265.png,2
1266.png,2
1267.png,3
1268.png,1
1269.png,2
1270.png,2
1271.png,3
1272.png,1
1273.png,0
1274.png,2
1275.png,1
1276.png,3
1277.png,1
1278.png,0
1279.png,2
1280.png,3
1281.png,2
1282.png,2
1283.png,3
1284.png,2
1285.png,0
1286.png,3
1287.png,0
1288.png,1
1289.png,4
1290.png,4
1291.png,0
1292.png,4
1293.png,4
1294.png,3
1295.png,3
1296.png,0
1297.png,2
1298.png,1
1299.png,4
1300.png,3
1301.png,0
1302.png,4
1303.png,2
1304.png,2
1305.png,4
1306.png,2
1307.png,4
1308.png,0
1309.png,2
1310.png,2
1311.png,1
1312.png,0
1313.png,0
1314.png,0
1315.png,1
1316.png,4
1317.png,2
1318.png,1
1319.png,1
1320.png,4
1321.png,0
1322.png,1
1323.png,0
1324.png,2
1325.png,3
1326.png,0
1327.png,2
1328.png,4
1329.png,1
1330.png,3
1331.png,0
1332.png,0
1333.png,0
1334.png,4
1335.png,3
1336.png,3
1337.png,0
1338.png,0
1339.png,1
1340.png,4
1341.png,3
1342.png,0
1343.png,1
1344.png,1
1345.png,3
1346.png,1
1347.png,0
1348.png,1
1349.png,1
1350.png,4
1351.png,0
1352.png,0
1353.png,0
1354.png,0
1355.png,1
1356.png,2
1357.png,1
1358.png,1
1359.png,4
1360.png,4
1361.png,0
1362.png,1
1363.png,0
1364.png,1
1365.png,3
1366.png,3
1367.png,2
1368.png,4
1369.png,1
1370.png,0
1371.png,2
1372.png,1
1373.png,0
1374.png,2
1375.png,4
1376.png,3
1377.png,2
1378.png,0
1379.png,4
1380.png,4
1381.png,4
1382.png,1
1383.png,4
1384.png,2
1385.png,1
1386.png,4
1387.png,0
1388.png,4
1389.png,0
1390.png,2
1391.png,2
1392.png,3
1393.png,2
1394.png,2
1395.png,1
1396.png,1
1397.png,3
1398.png,2
1399.png,1
1400.png,2
1401.png,3
1402.png,0
1403.png,3
1404.png,3
1405.png,1
1406.png,1
1407.png,2
1408.png,1
1409.png,0
1410.png,2
1411.png,2
1412.png,1
1413.png,3
1414.png,3
1415.png,0
1416.png,2
1417.png,0
1418.png,2
1419.png,4
1420.png,2
1421.png,0
1422.png,2
1423.png,4
1424.png,1
1425.png,0
1426.png,4
1427.png,3
1428.png,1
1429.png,1
1430.png,0
1431.png,4
1432.png,3
1433.png,1
1434.png,3
1435.png,3
1436.png,2
1437.png,1
1438.png,0
1439.png,1
1440.png,0
1441.png,4
1442.png,0
1443.png,2
1444.png,2
1445.png,0
1446.png,3
1447.png,1
1448.png,2
1449.png,1
1450.png,0
1451.png,0
1452.png,4
1453.png,3
1454.png,4
1455.png,2
1456.png,4
1457.png,4
1458.png,2
1459.png,1
1460.png,3
1461.png,2
1462.png,0
1463.png,4
1464.png,0
1465.png,1
1466.png,2
1467.png,1
1468.png,1
1469.png,1
1470.png,3
1471.png,2
1472.png,3
1473.png,1
1474.png,3
1475.png,4
1476.png,3
1477.png,2
1478.png,2
1479.png,0
1480.png,4
1481.png,0
1482.png,2
1483.png,4
1484.png,2
1485.png,1
1486.png,0
1487.png,3
1488.png,0
1489.png,0
1490.png,2
1491.png,1
1492.png,4
1493.png,0
1494.png,1
1495.png,0
1496.png,4
1497.png,4
1498.png,2
1499.png,0
1500.png,3
1501.png,4
1502.png,1
1503.png,3
1504.png,0
1505.png,1
1506.png,4
1507.png,3
1508.png,2
1509.png,4
1510.png,4
1511.png,2
1512.png,0
1513.png,4
1514.png,0
1515.png,4
1516.png,3
1517.png,2
1518.png,2
1519.png,4
1520.png,2
1521.png,3
1522.png,4
1523.png,1
1524.png,4
1525.png,0
1526.png,0
1527.png,4
1528.png,3
1529.png,1
1530.png,3
1531.png,0
1532.png,1
1533.png,0
1534.png,2
1535.png,0
1536.png,2
1537.png,3
1538.png,0
1539.png,2
1540.png,0
1541.png,1
1542.png,2
1543.png,4
1544.png,2
1545.png,2
1546.png,3
1547.png,1
1548.png,1
1549.png,2
1550.png,1
1551.png,3
1552.png,3
1553.png,4
1554.png,3
1555.png,4
1556.png,1
1557.png,4
1558.png,4
1559.png,4
1560.png,1
1561.png,2
1562.png,0
1563.png,3
1564.png,2
1565.png,4
1566.png,0
1567.png,1
1568.png,0
1569.png,3
1570.png,2
1571.png,1
1572.png,3
1573.png,1
1574.png,1
1575.png,3
1576.png,3
1577.png,0
1578.png,2
1579.png,2
1580.png,3
1581.png,0
1582.png,3
1583.png,4
1584.png,2
1585.png,0
1586.png,1
1587.png,4
1588.png,4
1589.png,0
1590.png,0
1591.png,3
1592.png,1
1593.png,2
1594.png,0
1595.png,3
1596.png,0
1597.png,3
1598.png,2
1599.png,1
1600.png,4
1601.png,0
1602.png,3
1603.png,2
1604.png,2
1605.png,1
1606.png,3
1607.png,1
1608.png,1
1609.png,2
1610.png,2
1611.png,2
1612.png,0
1613.png,4
1614.png,2
1615.png,1
1616.png,2
1617.png,3
1618.png,1
1619.png,4
1620.png,1
1621.png,2
1622.png,4
1623.png,0
1624.png,3
1625.png,3
1626.png,3
1627.png,0
1628.png,3
1629.png,3
1630.png,1
1631.png,0
1632.png,0
1633.png,2
1634.png,4
1635.png,3
1636.png,0
1637.png,1
1638.png,0
1639.png,4
1640.png,2
1641.png,2
1642.png,4
1643.png,1
1644.png,1
1645.png,3
1646.png,2
1647.png,0
1648.png,4
1649.png,4
1650.png,4
1651.png,3
1652.png,4
1653.png,0
1654.png,3
1655.png,0
1656.png,2
1657.png,2
1658.png,0
1659.png,1
1660.png,0
1661.png,2
1662.png,0
1663.png,3
1664.png,2
1665.png,3
1666.png,4
1667.png,4
1668.png,0
1669.png,0
1670.png,1
1671.png,0
1672.png,0
1673.png,4
1674.png,4
1675.png,0
1676.png,4
1677.png,3
1678.png,1
1679.png,2
1680.png,2
1681.png,4
1682.png,4
1683.png,2
1684.png,0
1685.png,3
1686.png,1
1687.png,0
1688.png,2
1689.png,4
1690.png,3
1691.png,3
1692.png,2
1693.png,1
1694.png,4
1695.png,2
1696.png,4
1697.png,0
1698.png,0
1699.png,1
1700.png,1
1701.png,0
1702.png,4
1703.png,1
1704.png,1
1705.png,0
1706.png,0
1707.png,2
1708.png,4
1709.png,1
1710.png,3
1711.png,3
1712.png,4
1713.png,3
1714.png,4
1715.png,0
1716.png,3
1717.png,1
1718.png,0
1719.png,0
1720.png,3
1721.png,2
1722.png,2
1723.png,1
1724.png,4
1725.png,1
1726.png,0
1727.png,4
1728.png,3
1729.png,0
1730.png,1
1731.png,0
1732.png,1
1733.png,1
1734.png,1
1735.png,2
1736.png,4
1737.png,2
1738.png,4
1739.png,1
1740.png,4
1741.png,3
1742.png,4
1743.png,4
1744.png,0
1745.png,4
1746.png,4
1747.png,0
1748.png,3
1749.png,0
1750.png,3
1751.png,4
1752.png,4
1753.png,2
1754.png,4
1755.png,4
1756.png,2
1757.png,1
1758.png,4
1759.png,3
1760.png,1
1761.png,1
1762.png,2
1763.png,0
1764.png,2
1765.png,4
1766.png,2
1767.png,1
1768.png,4
1769.png,4
1770.png,0
1771.png,0
1772.png,4
1773.png,0
1774.png,1
1775.png,4
1776.png,3
1777.png,0
1778.png,4
1779.png,4
1780.png,0
1781.png,2
1782.png,4
1783.png,1
1784.png,0
1785.png,2
1786.png,3
1787.png,0
1788.png,2
1789.png,0
1790.png,0
1791.png,4
1792.png,4
1793.png,3
1794.png,4
1795.png,2
1796.png,2
1797.png,3
1798.png,1
1799.png,0
1800.png,1
1801.png,2
1802.png,1
1803.png,1
1804.png,1
1805.png,0
1806.png,2
1807.png,3
1808.png,3
1809.png,4
1810.png,0
1811.png,4
1812.png,2
1813.png,0
1814.png,2
1815.png,3
1816.png,4
1817.png,2
1818.png,1
1819.png,0
1820.png,4
1821.png,4
1822.png,1
1823.png,1
1824.png,3
1825.png,4
1826.png,0
1827.png,2
1828.png,3
1829.png,0
1830.png,3
1831.png,0
1832.png,2
1833.png,0
1834.png,4
1835.png,2
1836.png,0
1837.png,1
1838.png,0
1839.png,3
1840.png,0
1841.png,0
1842.png,2
1843.png,4
1844.png,0
1845.png,1
1846.png,4
1847.png,4
1848.png,4
1849.png,4
1850.png,1
1851.png,0
1852.png,0
1853.png,3
1854.png,1
1855.png,1
1856.png,1
1857.png,0
1858.png,3
1859.png,1
1860.png,4
1861.png,3
1862.png,0
1863.png,1
1864.png,3
1865.png,3
1866.png,0
1867.png,4
1868.png,2
1869.png,3
1870.png,2
1871.png,2
1872.png,0
1873.png,1
1874.png,4
1875.png,0
1876.png,2
1877.png,3
1878.png,1
1879.png,4
1880.png,2
1881.png,3
1882.png,0
1883.png,2
1884.png,4
1885.png,4
1886.png,3
1887.png,0
1888.png,1
1889.png,4
1890.png,0
1891.png,3
1892.png,0
1893.png,4
1894.png,3
1895.png,0
1896.png,2
1897.png,4
1898.png,3
1899.png,2
1900.png,4
1901.png,1
1902.png,0
1903.png,2
1904.png,3
1905.png,0
1906.png,2
1907.png,1
1908.png,4
1909.png,2
1910.png,1
1911.png,3
1912.png,0
1913.png,0
1914.png,1
1915.png,2
1916.png,1
1917.png,1
1918.png,1
1919.png,0
1920.png,4
1921.png,0
1922.png,3
1923.png,4
1924.png,1
1925.png,3
1926.png,4
1927.png,0
1928.png,0
1929.png,4
1930.png,3
1931.png,4
1932.png,1
1933.png,2
1934.png,1
1935.png,4
1936.png,0
1937.png,0
1938.png,1
1939.png,3
1940.png,2
1941.png,2
1942.png,0
1943.png,1
1944.png,4
1945.png,3
1946.png,2
1947.png,2
1948.png,1
1949.png,0
1950.png,0
1951.png,2
1952.png,2
1953.png,3
1954.png,1
1955.png,4
1956.png,4
1957.png,2
1958.png,2
1959.png,1
1960.png,0
1961.png,0
1962.png,4
1963.png,0
1964.png,2
1965.png,0
1966.png,0
1967.png,0
1968.png,4
1969.png,2
1970.png,4
1971.png,3
1972.png,4
1973.png,4
1974.png,0
1975.png,0
1976.png,1
1977.png,4
1978.png,4
1979.png,0
1980.png,4
1981.png,1
1982.png,1
1983.png,3
1984.png,2
1985.png,0
1986.png,4
1987.png,1
1988.png,4
1989.png,0
1990.png,0
1991.png,2
1992.png,0
1993.png,2
1994.png,2
1995.png,3
1996.png,0
1997.png,1
1998.png,0
1999.png,4
2000.png,1
2001.png,2
2002.png,1
2003.png,0
2004.png,3
2005.png,2
2006.png,3
2007.png,1
2008.png,4
2009.png,0
2010.png,4
2011.png,4
2012.png,1
2013.png,4
2014.png,0
2015.png,1
2016.png,1
2017.png,4
2018.png,3
2019.png,4
2020.png,3
2021.png,4
2022.png,0
2023.png,0
2024.png,2
2025.png,1
2026.png,3
2027.png,0
2028.png,0
2029.png,2
2030.png,1
2031.png,1
2032.png,1
2033.png,3
2034.png,1
2035.png,4
2036.png,2
2037.png,0
2038.png,3
2039.png,3
2040.png,3
2041.png,0
2042.png,2
2043.png,0
2044.png,1
2045.png,1
2046.png,3
2047.png,1
2048.png,4
2049.png,3
2050.png,1
2051.png,2
2052.png,1
2053.png,1
2054.png,1
2055.png,3
2056.png,1
2057.png,1
2058.png,3
2059.png,2
2060.png,1
2061.png,4
2062.png,1
2063.png,2
2064.png,3
2065.png,3
2066.png,0
2067.png,1
2068.png,0
2069.png,3
2070.png,2
2071.png,1
2072.png,2
2073.png,1
2074.png,2
2075.png,2
2076.png,2
2077.png,3
2078.png,4
2079.png,4
2080.png,0
2081.png,0
2082.png,2
2083.png,1
2084.png,1
2085.png,2
2086.png,3
2087.png,0
2088.png,4
2089.png,2
2090.png,2
2091.png,1
2092.png,4
2093.png,4
2094.png,4
2095.png,2
2096.png,4
2097.png,3
2098.png,2
2099.png,3
2100.png,1
2101.png,4
2102.png,2
2103.png,3
2104.png,3
2105.png,3
2106.png,0
2107.png,0
2108.png,2
2109.png,4
2110.png,3
2111.png,3
2112.png,0
2113.png,4
2114.png,2
2115.png,4
2116.png,0
2117.png,0
2118.png,0
2119.png,1
2120.png,0
2121.png,2
2122.png,3
2123.png,2
2124.png,0
2125.png,1
2126.png,3
2127.png,1
2128.png,4
2129.png,1
2130.png,4
2131.png,4
2132.png,0
2133.png,1
2134.png,4
2135.png,1
2136.png,0
2137.png,2
2138.png,3
2139.png,3
2140.png,2
2141.png,1
2142.png,0
2143.png,2
2144.png,4
2145.png,0
2146.png,1
2147.png,4
2148.png,1
2149.png,2
2150.png,4
2151.png,1
2152.png,0
2153.png,1
2154.png,3
2155.png,4
2156.png,1
2157.png,0
2158.png,4
2159.png,2
2160.png,4
2161.png,3
2162.png,4
2163.png,3
2164.png,3
2165.png,1
2166.png,4
2167.png,4
2168.png,3
2169.png,2
2170.png,1
2171.png,0
2172.png,1
2173.png,2
2174.png,3
2175.png,1
2176.png,2
2177.png,1
2178.png,0
2179.png,4
2180.png,4
2181.png,2
2182.png,2
2183.png,3
2184.png,4
2185.png,2
2186.png,1
2187.png,2
2188.png,0
2189.png,3
2190.png,3
2191.png,4
2192.png,1
2193.png,2
2194.png,4
2195.png,1
2196.png,0
2197.png,0
2198.png,0
2199.png,4
2200.png,1
2201.png,0
2202.png,1
2203.png,0
2204.png,0
2205.png,0
2206.png,2
2207.png,1
2208.png,3
2209.png,1
2210.png,0
2211.png,2
2212.png,0
2213.png,3
2214.png,1
2215.png,0
2216.png,1
2217.png,2
2218.png,3
2219.png,3
2220.png,0
2221.png,1
2222.png,2
2223.png,0
2224.png,2
2225.png,3
2226.png,1
2227.png,4
2228.png,2
2229.png,0
2230.png,3
2231.png,2
2232.png,2
2233.png,1
2234.png,1
2235.png,4
2236.png,1
2237.png,2
2238.png,3
2239.png,2
2240.png,3
2241.png,0
2242.png,1
2243.png,2
2244.png,3
2245.png,1
2246.png,2
2247.png,3
2248.png,0
2249.png,3
2250.png,1
2251.png,3
2252.png,1
2253.png,3
2254.png,2
2255.png,0
2256.png,0
2257.png,2
2258.png,4
2259.png,4
2260.png,2
2261.png,2
2262.png,3
2263.png,4
2264.png,1
2265.png,0
2266.png,2
2267.png,1
2268.png,1
2269.png,0
2270.png,0
2271.png,4
2272.png,4
2273.png,1
2274.png,0
2275.png,2
2276.png,3
2277.png,4
2278.png,1
2279.png,0
2280.png,0
2281.png,2
2282.png,3
2283.png,1
2284.png,2
2285.png,2
2286.png,3
2287.png,4
2288.png,1
2289.png,4
2290.png,3
2291.png,4
2292.png,2
2293.png,4
2294.png,1
2295.png,1
2296.png,3
2297.png,1
2298.png,0
2299.png,4
2300.png,0
2301.png,2
2302.png,1
2303.png,3
2304.png,3
2305.png,1
2306.png,2
2307.png,0
2308.png,4
2309.png,4
2310.png,2
2311.png,3
2312.png,0
2313.png,2
2314.png,0
2315.png,0
2316.png,0
2317.png,4
2318.png,1
2319.png,3
2320.png,0
2321.png,3
2322.png,0
2323.png,4
2324.png,3
2325.png,0
2326.png,1
2327.png,2
2328.png,4
2329.png,0
2330.png,4
2331.png,3
2332.png,3
2333.png,3
2334.png,4
2335.png,2
2336.png,3
2337.png,0
2338.png,1
2339.png,3
2340.png,3
2341.png,2
2342.png,4
2343.png,4
2344.png,1
2345.png,3
2346.png,1
2347.png,3
2348.png,1
2349.png,3
2350.png,4
2351.png,4
2352.png,4
2353.png,2
2354.png,3
2355.png,4
2356.png,4
2357.png,3
2358.png,4
2359.png,4
2360.png,4
2361.png,2
2362.png,1
2363.png,1
2364.png,1
2365.png,0
2366.png,2
2367.png,3
2368.png,2
2369.png,4
2370.png,0
2371.png,2
2372.png,2
2373.png,2
2374.png,2
2375.png,0
2376.png,4
2377.png,1
2378.png,4
2379.png,4
2380.png,0
2381.png,1
2382.png,0
2383.png,4
2384.png,2
2385.png,1
2386.png,4
2387.png,4
2388.png,3
2389.png,4
2390.png,2
2391.png,0
2392.png,3
2393.png,3
2394.png,3
2395.png,0
2396.png,1
2397.png,2
2398.png,0
2399.png,0
2400.png,0
2401.png,2
2402.png,2
2403.png,3
2404.png,4
2405.png,1
2406.png,2
2407.png,2
2408.png,1
2409.png,3
2410.png,1
2411.png,1
2412.png,3
2413.png,3
2414.png,3
2415.png,2
2416.png,1
2417.png,1
2418.png,1
2419.png,2
2420.png,3
2421.png,0
2422.png,1
2423.png,4
2424.png,1
2425.png,4
2426.png,0
2427.png,3
2428.png,3
2429.png,1
2430.png,3
2431.png,3
2432.png,3
2433.png,4
2434.png,3
2435.png,4
2436.png,1
2437.png,3
2438.png,3
2439.png,2
2440.png,0
2441.png,1
2442.png,0
2443.png,4
2444.png,0
2445.png,1
2446.png,4
2447.png,2
2448.png,2
2449.png,4
2450.png,0
2451.png,0
2452.png,1
2453.png,1
2454.png,3
2455.png,4
2456.png,4
2457.png,3
2458.png,4
2459.png,1
2460.png,3
2461.png,1
2462.png,1
2463.png,0
2464.png,0
2465.png,2
2466.png,4
2467.png,1
2468.png,3
2469.png,0
2470.png,1
2471.png,3
2472.png,1
2473.png,4
2474.png,4
2475.png,1
2476.png,1
2477.png,4
2478.png,4
2479.png,4
2480.png,2
2481.png,4
2482.png,4
2483.png,2
2484.png,3
2485.png,0
2486.png,3
2487.png,4
2488.png,3
2489.png,2
2490.png,0
2491.png,0
2492.png,4
2493.png,1
2494.png,4
2495.png,3
2496.png,1
2497.png,4
2498.png,0
2499.png,4
2500.png,0
2501.png,3
2502.png,1
2503.png,0
2504.png,1
2505.png,0
2506.png,1
2507.png,4
2508.png,3
2509.png,4
2510.png,3
2511.png,0
2512.png,0
2513.png,1
2514.png,1
2515.png,0
2516.png,2
2517.png,0
2518.png,0
2519.png,4
2520.png,2
2521.png,4
2522.png,1
2523.png,4
2524.png,2
2525.png,3
2526.png,4
2527.png,4
2528.png,0
2529.png,4
2530.png,1
2531.png,2
2532.png,1
2533.png,2
2534.png,4
2535.png,4
2536.png,0
2537.png,2
2538.png,0
2539.png,1
2540.png,4
2541.png,2
2542.png,3
2543.png,4
2544.png,4
2545.png,2
2546.png,4
2547.png,0
2548.png,4
2549.png,4
2550.png,2
2551.png,1
2552.png,0
2553.png,1
2554.png,3
2555.png,1
2556.png,0
2557.png,0
2558.png,3
2559.png,2
2560.png,1
2561.png,4
2562.png,2
2563.png,2
2564.png,3
2565.png,0
2566.png,4
2567.png,4
2568.png,4
2569.png,3
2570.png,4
2571.png,2
2572.png,4
2573.png,4
2574.png,0
2575.png,2
2576.png,1
2577.png,3
2578.png,1
2579.png,2
2580.png,0
2581.png,4
2582.png,4
2583.png,3
2584.png,0
2585.png,3
2586.png,0
2587.png,3
2588.png,2
2589.png,4
2590.png,2
2591.png,3
2592.png,2
2593.png,3
2594.png,1
2595.png,4
2596.png,2
2597.png,4
2598.png,4
2599.png,2
2600.png,2
2601.png,4
2602.png,0
2603.png,0
2604.png,3
2605.png,2
2606.png,0
2607.png,0
2608.png,1
2609.png,2
2610.png,0
2611.png,3
2612.png,1
2613.png,1
2614.png,3
2615.png,4
2616.png,2
2617.png,4
2618.png,2
2619.png,1
2620.png,4
2621.png,3
2622.png,3
2623.png,0
2624.png,3
2625.png,3
2626.png,0
2627.png,3
2628.png,2
2629.png,3
2630.png,3
2631.png,4
2632.png,4
2633.png,3
2634.png,3
2635.png,4
2636.png,4
2637.png,4
2638.png,2
2639.png,4
2640.png,1
2641.png,3
2642.png,3
2643.png,0
2644.png,3
2645.png,3
2646.png,4
2647.png,3
2648.png,3
2649.png,2
2650.png,0
2651.png,4
2652.png,2
2653.png,1
2654.png,3
2655.png,3
2656.png,4
2657.png,4
2658.png,1
2659.png,4
2660.png,4
2661.png,1
2662.png,4
2663.png,0
2664.png,1
2665.png,2
2666.png,4
2667.png,3
2668.png,1
2669.png,1
2670.png,4
2671.png,0
2672.png,0
2673.png,4
2674.png,1
2675.png,0
2676.png,4
2677.png,0
2678.png,4
2679.png,4
2680.png,0
2681.png,1
2682.png,4
2683.png,2
2684.png,3
2685.png,1
2686.png,4
2687.png,0
2688.png,1
2689.png,3
2690.png,4
2691.png,1
2692.png,3
2693.png,1
2694.png,2
2695.png,4
2696.png,3
2697.png,2
2698.png,0
2699.png,3
2700.png,3
2701.png,2
2702.png,4
2703.png,2
2704.png,0
2705.png,4
2706.png,4
2707.png,0
2708.png,0
2709.png,1
2710.png,3
2711.png,1
2712.png,3
2713.png,2
2714.png,4
2715.png,4
2716.png,0
2717.png,1
2718.png,2
2719.png,0
2720.png,0
2721.png,0
2722.png,4
2723.png,0
2724.png,2
2725.png,0
2726.png,2
2727.png,0
2728.png,4
2729.png,4
2730.png,2
2731.png,2
2732.png,4
2733.png,4
2734.png,4
2735.png,4
2736.png,4
2737.png,4
2738.png,4
2739.png,4
2740.png,3
2741.png,2
2742.png,3
2743.png,3
2744.png,3
2745.png,4
2746.png,1
2747.png,2
2748.png,1
2749.png,1
2750.png,2
2751.png,3
2752.png,3
2753.png,3
2754.png,0
2755.png,1
2756.png,1
2757.png,4
2758.png,2
2759.png,1
2760.png,2
2761.png,2
2762.png,3
2763.png,4
2764.png,3
2765.png,1
2766.png,2
2767.png,4
2768.png,2
2769.png,0
2770.png,2
2771.png,0
2772.png,1
2773.png,0
2774.png,2
2775.png,4
2776.png,4
2777.png,3
2778.png,3
2779.png,2
2780.png,2
2781.png,1
2782.png,1
2783.png,3
2784.png,1
2785.png,4
2786.png,2
2787.png,4
2788.png,3
2789.png,4
2790.png,3
2791.png,1
2792.png,0
2793.png,1
2794.png,3
2795.png,2
2796.png,3
2797.png,1
2798.png,0
2799.png,4
2800.png,2
2801.png,3
2802.png,2
2803.png,0
2804.png,2
2805.png,1
2806.png,4
2807.png,4
2808.png,2
2809.png,0
2810.png,2
2811.png,2
2812.png,4
2813.png,4
2814.png,3
2815.png,3
2816.png,1
2817.png,0
2818.png,3
2819.png,0
2820.png,2
2821.png,0
2822.png,3
2823.png,1
2824.png,4
2825.png,1
2826.png,4
2827.png,3
2828.png,1
2829.png,2
2830.png,1
2831.png,2
2832.png,0
2833.png,0
2834.png,4
2835.png,1
2836.png,1
2837.png,3
2838.png,3
2839.png,3
2840.png,3
2841.png,4
2842.png,1
2843.png,2
2844.png,4
2845.png,3
2846.png,2
2847.png,4
2848.png,1
2849.png,4
2850.png,4
2851.png,2
2852.png,4
2853.png,3
2854.png,2
2855.png,4
2856.png,0
2857.png,2
2858.png,1
2859.png,1
2860.png,2
2861.png,1
2862.png,0
2863.png,1
2864.png,2
2865.png,0
2866.png,1
2867.png,1
2868.png,0
2869.png,0
2870.png,3
2871.png,1
2872.png,0
2873.png,2
2874.png,4
2875.png,1
2876.png,4
2877.png,0
2878.png,0
2879.png,2
2880.png,1
2881.png,2
2882.png,0
2883.png,0
2884.png,3
2885.png,4
2886.png,2
2887.png,0
2888.png,3
2889.png,4
2890.png,1
2891.png,4
2892.png,2
2893.png,0
2894.png,3
2895.png,1
2896.png,4
2897.png,3
2898.png,4
2899.png,1
2900.png,2
2901.png,2
2902.png,0
2903.png,2
2904.png,1
2905.png,1
2906.png,0
2907.png,0
2908.png,0
2909.png,2
2910.png,2
2911.png,1
2912.png,0
2913.png,2
2914.png,3
2915.png,0
2916.png,3
2917.png,0
2918.png,1
2919.png,2
2920.png,4
2921.png,4
2922.png,4
2923.png,4
2924.png,0
2925.png,3
2926.png,0
2927.png,1
2928.png,4
2929.png,0
2930.png,0
2931.png,0
2932.png,0
2933.png,4
2934.png,2
2935.png,3
2936.png,3
2937.png,1
2938.png,2
2939.png,0
2940.png,1
2941.png,3
2942.png,3
2943.png,2
2944.png,0
2945.png,1
2946.png,3
2947.png,4
2948.png,3
2949.png,3
2950.png,4
2951.png,2
2952.png,1
2953.png,3
2954.png,2
2955.png,0
2956.png,3
2957.png,3
2958.png,0
2959.png,3
2960.png,0
2961.png,3
2962.png,4
2963.png,3
2964.png,0
2965.png,4
2966.png,1
2967.png,3
2968.png,1
2969.png,3
2970.png,3
2971.png,0
2972.png,0
2973.png,1
2974.png,0
2975.png,1
2976.png,0
2977.png,4
2978.png,3
2979.png,3
2980.png,0
2981.png,4
2982.png,2
2983.png,2
2984.png,3
2985.png,1
2986.png,4
2987.png,2
2988.png,3
2989.png,1
2990.png,4
2991.png,1
2992.png,0
2993.png,0
2994.png,2
2995.png,1
2996.png,2
2997.png,0
2998.png,2
2999.png,0
3000.png,0
3001.png,2
3002.png,4
3003.png,1
3004.png,0
3005.png,2
3006.png,1
3007.png,1
3008.png,3
3009.png,1
3010.png,1
3011.png,3
3012.png,3
3013.png,1
3014.png,0
3015.png,4
3016.png,2
3017.png,3
3018.png,0
3019.png,3
3020.png,0
3021.png,2
3022.png,1
3023.png,4
3024.png,4
3025.png,3
3026.png,1
3027.png,4
3028.png,3
3029.png,1
3030.png,1
3031.png,2
3032.png,3
3033.png,3
3034.png,2
3035.png,2
3036.png,1
3037.png,2
3038.png,4
3039.png,1
3040.png,0
3041.png,0
3042.png,1
3043.png,4
3044.png,0
3045.png,1
3046.png,1
3047.png,4
3048.png,0
3049.png,4
3050.png,2
3051.png,2
3052.png,1
3053.png,3
3054.png,4
3055.png,4
3056.png,3
3057.png,0
3058.png,4
3059.png,0
3060.png,0
3061.png,1
3062.png,1
3063.png,0
3064.png,3
3065.png,4
3066.png,3
3067.png,0
3068.png,1
3069.png,4
3070.png,3
3071.png,4
3072.png,3
3073.png,3
3074.png,2
3075.png,2
3076.png,0
3077.png,3
3078.png,3
3079.png,1
3080.png,1
3081.png,2
3082.png,4
3083.png,0
3084.png,0
3085.png,4
3086.png,4
3087.png,3
3088.png,2
3089.png,3
3090.png,2
3091.png,4
3092.png,3
3093.png,3
3094.png,0
3095.png,4
3096.png,3
3097.png,2
3098.png,3
3099.png,0
3100.png,1
3101.png,1
3102.png,1
3103.png,4
3104.png,0
3105.png,2
3106.png,0
3107.png,1
3108.png,0
3109.png,2
3110.png,0
3111.png,3
3112.png,0
3113.png,3
3114.png,4
3115.png,1
3116.png,2
3117.png,1
3118.png,3
3119.png,4
3120.png,4
3121.png,3
3122.png,2
3123.png,2
3124.png,2
3125.png,1
3126.png,2
3127.png,4
3128.png,2
3129.png,3
3130.png,4
3131.png,0
3132.png,0
3133.png,1
3134.png,1
3135.png,3
3136.png,3
3137.png,2
3138.png,3
3139.png,2
3140.png,2
3141.png,1
3142.png,2
3143.png,3
3144.png,3
3145.png,0
3146.png,0
3147.png,1
3148.png,2
3149.png,3
3150.png,1
3151.png,3
3152.png,2
3153.png,3
3154.png,2
3155.png,1
3156.png,3
3157.png,2
3158.png,3
3159.png,1
3160.png,0
3161.png,3
3162.png,1
3163.png,3
3164.png,0
3165.png,1
3166.png,2
3167.png,0
3168.png,3
3169.png,2
3170.png,0
3171.png,0
3172.png,2
3173.png,2
3174.png,0
3175.png,0
3176.png,0
3177.png,1
3178.png,2
3179.png,1
3180.png,0
3181.png,3
3182.png,3
3183.png,1
3184.png,3
3185.png,4
3186.png,4
3187.png,1
3188.png,3
3189.png,3
3190.png,2
3191.png,1
3192.png,1
3193.png,0
3194.png,2
3195.png,4
3196.png,4
3197.png,3
3198.png,4
3199.png,0
3200.png,0
3201.png,0
3202.png,1
3203.png,2
3204.png,3
3205.png,0
3206.png,0
3207.png,4
3208.png,4
3209.png,4
3210.png,4
3211.png,2
3212.png,1
3213.png,1
3214.png,1
3215.png,4
3216.png,0
3217.png,4
3218.png,3
3219.png,3
3220.png,0
3221.png,2
3222.png,2
3223.png,1
3224.png,3
3225.png,0
3226.png,4
3227.png,0
3228.png,4
3229.png,0
3230.png,0
3231.png,4
3232.png,1
3233.png,0
3234.png,1
3235.png,3
3236.png,1
3237.png,4
3238.png,1
3239.png,4
3240.png,2
3241.png,0
3242.png,3
3243.png,3
3244.png,2
3245.png,0
3246.png,2
3247.png,1
3248.png,2
3249.png,1
3250.png,3
3251.png,0
3252.png,2
3253.png,2
3254.png,4
3255.png,2
3256.png,0
3257.png,1
3258.png,4
3259.png,1
3260.png,0
3261.png,3
3262.png,3
3263.png,1
3264.png,4
3265.png,1
3266.png,2
3267.png,3
3268.png,0
3269.png,2
3270.png,4
3271.png,4
3272.png,1
3273.png,4
3274.png,3
3275.png,4
3276.png,1
3277.png,3
3278.png,2
3279.png,3
3280.png,3
3281.png,2
3282.png,3
3283.png,2
3284.png,0
3285.png,3
3286.png,1
3287.png,4
3288.png,3
3289.png,4
3290.png,1
3291.png,2
3292.png,1
3293.png,4
3294.png,4
3295.png,1
3296.png,2
3297.png,0
3298.png,2
3299.png,4
3300.png,2
3301.png,3
3302.png,4
3303.png,3
3304.png,4
3305.png,1
3306.png,0
3307.png,3
3308.png,3
3309.png,3
3310.png,4
3311.png,2
3312.png,4
3313.png,1
3314.png,0
3315.png,2
3316.png,0
3317.png,1
3318.png,3
3319.png,1
3320.png,3
3321.png,4
3322.png,2
3323.png,0
3324.png,1
3325.png,4
3326.png,3
3327.png,2
3328.png,0
3329.png,4
3330.png,4
3331.png,1
3332.png,2
3333.png,2
3334.png,4
3335.png,0
3336.png,3
3337.png,1
3338.png,4
3339.png,1
3340.png,0
3341.png,0
3342.png,1
3343.png,3
3344.png,3
3345.png,0
3346.png,2
3347.png,1
3348.png,1
3349.png,1
3350.png,2
3351.png,2
3352.png,2
3353.png,1
3354.png,3
3355.png,4
3356.png,4
3357.png,2
3358.png,2
3359.png,3
3360.png,4
3361.png,4
3362.png,1
3363.png,2
3364.png,2
3365.png,0
3366.png,0
3367.png,2
3368.png,0
3369.png,2
3370.png,0
3371.png,2
3372.png,4
3373.png,0
3374.png,4
3375.png,3
3376.png,3
3377.png,0
3378.png,4
3379.png,1
3380.png,3
3381.png,0
3382.png,2
3383.png,2
3384.png,4
3385.png,1
3386.png,0
3387.png,3
3388.png,2
3389.png,2
3390.png,1
3391.png,3
3392.png,3
3393.png,2
3394.png,1
3395.png,1
3396.png,3
3397.png,0
3398.png,2
3399.png,2
3400.png,3
3401.png,0
3402.png,0
3403.png,4
3404.png,0
3405.png,0
3406.png,4
3407.png,0
3408.png,4
3409.png,0
3410.png,1
3411.png,4
3412.png,4
3413.png,1
3414.png,4
3415.png,3
3416.png,2
3417.png,0
3418.png,0
3419.png,0
3420.png,2
3421.png,1
3422.png,1
3423.png,2
3424.png,2
3425.png,1
3426.png,1
3427.png,2
3428.png,3
3429.png,4
3430.png,2
3431.png,3
3432.png,4
3433.png,0
3434.png,4
3435.png,1
3436.png,4
3437.png,4
3438.png,1
3439.png,3
3440.png,1
3441.png,2
3442.png,1
3443.png,0
3444.png,2
3445.png,0
3446.png,3
3447.png,3
3448.png,3
3449.png,0
3450.png,4
3451.png,4
3452.png,3
3453.png,2
3454.png,4
3455.png,3
3456.png,3
3457.png,3
3458.png,1
3459.png,2
3460.png,3
3461.png,3
3462.png,4
3463.png,3
3464.png,2
3465.png,4
3466.png,1
3467.png,1
3468.png,0
3469.png,3
3470.png,4
3471.png,4
3472.png,1
3473.png,0
3474.png,1
3475.png,3
3476.png,0
3477.png,2
3478.png,0
3479.png,0
3480.png,2
3481.png,1
3482.png,2
3483.png,4
3484.png,2
3485.png,0
3486.png,0
3487.png,0
3488.png,0
3489.png,1
3490.png,2
3491.png,1
3492.png,1
3493.png,3
3494.png,0
3495.png,4
3496.png,2
3497.png,4
3498.png,3
3499.png,1
3500.png,3
3501.png,0
3502.png,1
3503.png,4
3504.png,3
3505.png,0
3506.png,1
3507.png,0
3508.png,2
3509.png,3
3510.png,1
3511.png,1
3512.png,4
3513.png,4
3514.png,4
3515.png,0
3516.png,2
3517.png,2
3518.png,3
3519.png,4
3520.png,1
3521.png,0
3522.png,2
3523.png,3
3524.png,0
3525.png,0
3526.png,4
3527.png,4
3528.png,3
3529.png,1
3530.png,3
3531.png,0
3532.png,4
3533.png,1
3534.png,0
3535.png,0
3536.png,1
3537.png,4
3538.png,3
3539.png,1
3540.png,2
3541.png,0
3542.png,2
3543.png,4
3544.png,0
3545.png,1
3546.png,2
3547.png,1
3548.png,0
3549.png,1
3550.png,1
3551.png,4
3552.png,2
3553.png,4
3554.png,4
3555.png,4
3556.png,1
3557.png,0
3558.png,1
3559.png,3
3560.png,4
3561.png,1
3562.png,4
3563.png,0
3564.png,2
3565.png,1
3566.png,1
3567.png,0
3568.png,3
3569.png,1
3570.png,0
3571.png,1
3572.png,2
3573.png,1
3574.png,0
3575.png,4
3576.png,0
3577.png,4
3578.png,4
3579.png,4
3580.png,0
3581.png,4
3582.png,0
3583.png,4
3584.png,0
3585.png,0
3586.png,1
3587.png,4
3588.png,2
3589.png,2
3590.png,1
3591.png,0
3592.png,0
3593.png,2
3594.png,4
3595.png,4
3596.png,2
3597.png,4
3598.png,0
3599.png,3
3600.png,2
3601.png,3
3602.png,2
3603.png,3
3604.png,2
3605.png,2
3606.png,2
3607.png,2
3608.png,3
3609.png,4
3610.png,3
3611.png,0
3612.png,3
3613.png,2
3614.png,1
3615.png,3
3616.png,0
3617.png,1
3618.png,4
3619.png,4
3620.png,3
3621.png,4
3622.png,4
3623.png,4
3624.png,3
3625.png,2
3626.png,3
3627.png,1
3628.png,2
3629.png,0
3630.png,0
3631.png,1
3632.png,1
3633.png,3
3634.png,4
3635.png,0
3636.png,0
3637.png,2
3638.png,3
3639.png,1
3640.png,0
3641.png,1
3642.png,1
3643.png,1
3644.png,4
3645.png,3
3646.png,3
3647.png,1
3648.png,1
3649.png,4
3650.png,1
3651.png,1
3652.png,2
3653.png,3
3654.png,1
3655.png,0
3656.png,3
3657.png,2
3658.png,0
3659.png,3
3660.png,2
3661.png,2
3662.png,0
3663.png,2
3664.png,0
3665.png,0
3666.png,3
3667.png,4
3668.png,4
3669.png,3
3670.png,0
3671.png,2
3672.png,1
3673.png,3
3674.png,3
3675.png,1
3676.png,1
3677.png,4
3678.png,3
3679.png,4
3680.png,2
3681.png,0
3682.png,1
3683.png,4
3684.png,2
3685.png,1
3686.png,0
3687.png,1
3688.png,4
3689.png,3
3690.png,2
3691.png,2
3692.png,4
3693.png,0
3694.png,4
3695.png,2
3696.png,2
3697.png,1
3698.png,0
3699.png,3
3700.png,1
3701.png,0
3702.png,0
3703.png,2
3704.png,2
3705.png,3
3706.png,1
3707.png,2
3708.png,4
3709.png,0
3710.png,3
3711.png,3
3712.png,3
3713.png,1
3714.png,2
3715.png,1
3716.png,3
3717.png,0
3718.png,4
3719.png,0
3720.png,1
3721.png,4
3722.png,2
3723.png,2
3724.png,3
3725.png,1
3726.png,3
3727.png,0
3728.png,2
3729.png,1
3730.png,3
3731.png,3
3732.png,1
3733.png,3
3734.png,2
3735.png,2
3736.png,1
3737.png,4
3738.png,0
3739.png,1
3740.png,1
3741.png,1
3742.png,0
3743.png,4
3744.png,2
3745.png,2
3746.png,4
3747.png,0
3748.png,4
3749.png,3
3750.png,1
3751.png,2
3752.png,0
3753.png,0
3754.png,0
3755.png,3
3756.png,0
3757.png,3
3758.png,4
3759.png,2
3760.png,3
3761.png,1
3762.png,2
3763.png,4
3764.png,4
3765.png,1
3766.png,3
3767.png,3
3768.png,0
3769.png,4
3770.png,0
3771.png,2
3772.png,0
3773.png,1
3774.png,2
3775.png,2
3776.png,3
3777.png,2
3778.png,2
3779.png,1
3780.png,2
3781.png,3
3782.png,0
3783.png,0
3784.png,4
3785.png,1
3786.png,0
3787.png,2
3788.png,3
3789.png,2
3790.png,3
3791.png,2
3792.png,4
3793.png,1
3794.png,4
3795.png,1
3796.png,3
3797.png,1
3798.png,3
3799.png,4
3800.png,4
3801.png,0
3802.png,3
3803.png,2
3804.png,3
3805.png,3
3806.png,3
3807.png,1
3808.png,1
3809.png,1
3810.png,3
3811.png,3
3812.png,1
3813.png,0
3814.png,0
3815.png,3
3816.png,0
3817.png,4
3818.png,4
3819.png,4
3820.png,4
3821.png,2
3822.png,1
3823.png,0
3824.png,0
3825.png,0
3826.png,3
3827.png,0
3828.png,1
3829.png,3
3830.png,3
3831.png,2
3832.png,3
3833.png,4
3834.png,3
3835.png,2
3836.png,2
3837.png,1
3838.png,1
3839.png,4
3840.png,0
3841.png,2
3842.png,0
3843.png,0
3844.png,4
3845.png,0
3846.png,2
3847.png,0
3848.png,1
3849.png,2
3850.png,2
3851.png,2
3852.png,4
3853.png,4
3854.png,2
3855.png,0
3856.png,1
3857.png,0
3858.png,4
3859.png,1
3860.png,1
3861.png,4
3862.png,2
3863.png,3
3864.png,3
3865.png,3
3866.png,4
3867.png,2
3868.png,3
3869.png,0
3870.png,2
3871.png,1
3872.png,4
3873.png,0
3874.png,1
3875.png,3
3876.png,0
3877.png,2
3878.png,3
3879.png,0
3880.png,3
3881.png,4
3882.png,1
3883.png,0
3884.png,0
3885.png,0
3886.png,0
3887.png,2
3888.png,4
3889.png,2
3890.png,0
3891.png,4
3892.png,1
3893.png,4
3894.png,3
3895.png,3
3896.png,2
3897.png,3
3898.png,0
3899.png,1
3900.png,1
3901.png,4
3902.png,4
3903.png,1
3904.png,4
3905.png,3
3906.png,3
3907.png,0
3908.png,1
3909.png,2
3910.png,3
3911.png,2
3912.png,1
3913.png,4
3914.png,3
3915.png,3
3916.png,4
3917.png,4
3918.png,0
3919.png,1
3920.png,2
3921.png,4
3922.png,2
3923.png,0
3924.png,0
3925.png,4
3926.png,1
3927.png,1
3928.png,3
3929.png,1
3930.png,1
3931.png,3
3932.png,0
3933.png,1
3934.png,3
3935.png,2
3936.png,4
3937.png,4
3938.png,0
3939.png,4
3940.png,4
3941.png,0
3942.png,3
3943.png,3
3944.png,3
3945.png,1
3946.png,4
3947.png,3
3948.png,2
3949.png,1
3950.png,2
3951.png,3
3952.png,0
3953.png,3
3954.png,1
3955.png,4
3956.png,3
3957.png,3
3958.png,2
3959.png,1
3960.png,1
3961.png,0
3962.png,3
3963.png,3
3964.png,0
3965.png,1
3966.png,2
3967.png,4
3968.png,4
3969.png,3
3970.png,2
3971.png,2
3972.png,1
3973.png,0
3974.png,2
3975.png,0
3976.png,3
3977.png,0
3978.png,4
3979.png,4
3980.png,2
3981.png,2
3982.png,1
3983.png,0
3984.png,4
3985.png,4
3986.png,0
3987.png,4
3988.png,3
3989.png,4
3990.png,1
3991.png,4
3992.png,1
3993.png,4
3994.png,2
3995.png,3
3996.png,0
3997.png,2
3998.png,0
3999.png,0
4000.png,4
4001.png,1
4002.png,2
4003.png,1
4004.png,0
4005.png,1
4006.png,2
4007.png,2
4008.png,2
4009.png,2
4010.png,2
4011.png,0
4012.png,0
4013.png,2
4014.png,1
4015.png,1
4016.png,3
4017.png,1
4018.png,1
4019.png,1
4020.png,3
4021.png,3
4022.png,1
4023.png,3
4024.png,1
4025.png,0
4026.png,4
4027.png,1
4028.png,3
4029.png,0
4030.png,1
4031.png,3
4032.png,3
4033.png,0
4034.png,2
4035.png,2
4036.png,3
4037.png,1
4038.png,0
4039.png,0
4040.png,1
4041.png,0
4042.png,3
4043.png,0
4044.png,0
4045.png,1
4046.png,3
4047.png,1
4048.png,3
4049.png,4
4050.png,1
4051.png,3
4052.png,3
4053.png,3
4054.png,4
4055.png,2
4056.png,1
4057.png,2
4058.png,0
4059.png,2
4060.png,3
4061.png,4
4062.png,2
4063.png,3
4064.png,4
4065.png,2
4066.png,4
4067.png,3
4068.png,4
4069.png,3
4070.png,2
4071.png,3
4072.png,4
4073.png,2
4074.png,0
4075.png,0
4076.png,2
4077.png,1
4078.png,2
4079.png,3
4080.png,2
4081.png,0
4082.png,4
4083.png,1
4084.png,1
4085.png,4
4086.png,4
4087.png,0
4088.png,0
4089.png,0
4090.png,0
4091.png,1
4092.png,3
4093.png,0
4094.png,2
4095.png,2
4096.png,2
4097.png,3
4098.png,3
4099.png,4
4100.png,0
4101.png,3
4102.png,4
4103.png,2
4104.png,3
4105.png,2
4106.png,0
4107.png,1
4108.png,2
4109.png,1
4110.png,3
4111.png,3
4112.png,4
4113.png,2
4114.png,0
4115.png,3
4116.png,2
4117.png,0
4118.png,4
4119.png,0
4120.png,1
4121.png,0
4122.png,0
4123.png,1
4124.png,1
4125.png,2
4126.png,0
4127.png,1
4128.png,0
4129.png,4
4130.png,3
4131.png,2
4132.png,0
4133.png,2
4134.png,4
4135.png,3
4136.png,3
4137.png,2
4138.png,0
4139.png,2
4140.png,0
4141.png,3
4142.png,3
4143.png,2
4144.png,2
4145.png,3
4146.png,1
4147.png,2
4148.png,2
4149.png,1
4150.png,1
4151.png,3
4152.png,4
4153.png,2
4154.png,1
4155.png,0
4156.png,2
4157.png,1
4158.png,2
4159.png,2
4160.png,2
4161.png,4
4162.png,2
4163.png,2
4164.png,3
4165.png,1
4166.png,2
4167.png,1
4168.png,1
4169.png,4
4170.png,0
4171.png,1
4172.png,3
4173.png,1
4174.png,2
4175.png,4
4176.png,0
4177.png,1
4178.png,0
4179.png,0
4180.png,3
4181.png,2
4182.png,0
4183.png,2
4184.png,3
4185.png,3
4186.png,3
4187.png,2
4188.png,4
4189.png,2
4190.png,4
4191.png,2
4192.png,3
4193.png,3
4194.png,0
4195.png,2
4196.png,1
4197.png,1
4198.png,1
4199.png,0
4200.png,0
4201.png,2
4202.png,4
4203.png,4
4204.png,3
4205.png,4
4206.png,2
4207.png,0
4208.png,2
4209.png,2
4210.png,3
4211.png,0
4212.png,3
4213.png,2
4214.png,3
4215.png,1
4216.png,4
4217.png,3
4218.png,1
4219.png,0
4220.png,2
4221.png,1
4222.png,4
4223.png,3
4224.png,4
4225.png,0
4226.png,0
4227.png,1
4228.png,1
4229.png,1
4230.png,2
4231.png,4
4232.png,2
4233.png,4
4234.png,4
4235.png,4
4236.png,1
4237.png,2
4238.png,0
4239.png,2
4240.png,0
4241.png,1
4242.png,4
4243.png,0
4244.png,2
4245.png,0
4246.png,1
4247.png,1
4248.png,2
4249.png,3
4250.png,2
4251.png,0
4252.png,0
4253.png,3
4254.png,0
4255.png,1
4256.png,0
4257.png,1
4258.png,0
4259.png,1
4260.png,4
4261.png,4
4262.png,0
4263.png,1
4264.png,1
4265.png,0
4266.png,2
4267.png,4
4268.png,2
4269.png,4
4270.png,4
4271.png,0
4272.png,0
4273.png,3
4274.png,0
4275.png,3
4276.png,2
4277.png,2
4278.png,0
4279.png,3
4280.png,0
4281.png,4
4282.png,0
4283.png,2
4284.png,3
4285.png,4
4286.png,4
4287.png,0
4288.png,3
4289.png,2
4290.png,0
4291.png,3
4292.png,2
4293.png,2
4294.png,3
4295.png,1
4296.png,4
4297.png,0
4298.png,0
4299.png,0
4300.png,1
4301.png,2
4302.png,3
4303.png,1
4304.png,1
4305.png,2
4306.png,2
4307.png,3
4308.png,2
4309.png,2
4310.png,1
4311.png,2
4312.png,3
4313.png,0
4314.png,0
4315.png,0
4316.png,0
4317.png,3
4318.png,2
4319.png,2
4320.png,3
4321.png,2
4322.png,3
4323.png,4
4324.png,3
4325.png,2
4326.png,3
4327.png,2
4328.png,1
4329.png,0
4330.png,1
4331.png,3
4332.png,3
4333.png,0
4334.png,2
4335.png,0
4336.png,4
4337.png,4
4338.png,0
4339.png,3
4340.png,2
4341.png,2
4342.png,1
4343.png,1
4344.png,0
4345.png,1
4346.png,0
4347.png,4
4348.png,1
4349.png,2
4350.png,0
4351.png,0
4352.png,4
4353.png,1
4354.png,1
4355.png,0
4356.png,3
4357.png,2
4358.png,0
4359.png,1
4360.png,3
4361.png,4
4362.png,1
4363.png,1
4364.png,1
4365.png,2
4366.png,4
4367.png,2
4368.png,4
4369.png,2
4370.png,0
4371.png,1
4372.png,4
4373.png,0
4374.png,1
4375.png,1
4376.png,0
4377.png,1
4378.png,1
4379.png,3
4380.png,1
4381.png,4
4382.png,3
4383.png,1
4384.png,2
4385.png,1
4386.png,3
4387.png,1
4388.png,4
4389.png,0
4390.png,1
4391.png,1
4392.png,4
4393.png,1
4394.png,0
4395.png,2
4396.png,3
4397.png,2
4398.png,2
4399.png,3
4400.png,4
4401.png,1
4402.png,1
4403.png,3
4404.png,4
4405.png,2
4406.png,4
4407.png,4
4408.png,2
4409.png,1
4410.png,4
4411.png,0
4412.png,0
4413.png,0
4414.png,1
4415.png,1
4416.png,2
4417.png,1
4418.png,2
4419.png,0
4420.png,3
4421.png,1
4422.png,1
4423.png,1
4424.png,3
4425.png,1
4426.png,1
4427.png,1
4428.png,0
4429.png,2
4430.png,2
4431.png,0
4432.png,1
4433.png,4
4434.png,3
4435.png,0
4436.png,2
4437.png,0
4438.png,4
4439.png,4
4440.png,0
4441.png,3
4442.png,1
4443.png,4
4444.png,2
4445.png,3
4446.png,0
4447.png,1
4448.png,3
4449.png,3
4450.png,4
4451.png,4
4452.png,1
4453.png,1
4454.png,0
4455.png,2
4456.png,3
4457.png,3
4458.png,4
4459.png,4
4460.png,3
4461.png,2
4462.png,3
4463.png,2
4464.png,1
4465.png,4
4466.png,4
4467.png,3
4468.png,2
4469.png,3
4470.png,1
4471.png,1
4472.png,3
4473.png,0
4474.png,0
4475.png,1
4476.png,0
4477.png,2
4478.png,2
4479.png,1
4480.png,0
4481.png,2
4482.png,0
4483.png,2
4484.png,2
4485.png,2
4486.png,3
4487.png,0
4488.png,2
4489.png,2
4490.png,2
4491.png,0
4492.png,0
4493.png,1
4494.png,2
4495.png,0
4496.png,2
4497.png,4
4498.png,3
4499.png,0
4500.png,2
4501.png,2
4502.png,1
4503.png,4
4504.png,2
4505.png,1
4506.png,2
4507.png,3
4508.png,3
4509.png,3
4510.png,2
4511.png,2
4512.png,1
4513.png,4
4514.png,1
4515.png,0
4516.png,1
4517.png,4
4518.png,1
4519.png,4
4520.png,4
4521.png,4
4522.png,2
4523.png,4
4524.png,2
4525.png,4
4526.png,2
4527.png,2
4528.png,0
4529.png,3
4530.png,2
4531.png,3
4532.png,2
4533.png,0
4534.png,3
4535.png,1
4536.png,4
4537.png,1
4538.png,1
4539.png,4
4540.png,0
4541.png,2
4542.png,1
4543.png,1
4544.png,1
4545.png,2
4546.png,3
4547.png,1
4548.png,4
4549.png,1
4550.png,4
4551.png,0
4552.png,3
4553.png,2
4554.png,4
4555.png,3
4556.png,0
4557.png,2
4558.png,0
4559.png,2
4560.png,4
4561.png,2
4562.png,2
4563.png,0
4564.png,1
4565.png,3
4566.png,3
4567.png,0
4568.png,1
4569.png,3
4570.png,0
4571.png,4
4572.png,2
4573.png,2
4574.png,0
4575.png,2
4576.png,2
4577.png,3
4578.png,3
4579.png,0
4580.png,3
4581.png,4
4582.png,2
4583.png,1
4584.png,2
4585.png,0
4586.png,3
4587.png,3
4588.png,3
4589.png,1
4590.png,3
4591.png,1
4592.png,1
4593.png,3
4594.png,0
4595.png,3
4596.png,2
4597.png,3
4598.png,1
4599.png,0
4600.png,0
4601.png,4
4602.png,1
4603.png,1
4604.png,0
4605.png,2
4606.png,0
4607.png,3
4608.png,0
4609.png,4
4610.png,4
4611.png,3
4612.png,3
4613.png,4
4614.png,1
4615.png,4
4616.png,0
4617.png,0
4618.png,4
4619.png,0
4620.png,0
4621.png,3
4622.png,1
4623.png,1
4624.png,1
4625.png,4
4626.png,2
4627.png,0
4628.png,1
4629.png,3
4630.png,0
4631.png,2
4632.png,3
4633.png,1
4634.png,2
4635.png,2
4636.png,3
4637.png,1
4638.png,2
4639.png,1
4640.png,3
4641.png,1
4642.png,3
4643.png,1
4644.png,4
4645.png,3
4646.png,1
4647.png,3
4648.png,4
4649.png,3
4650.png,3
4651.png,3
4652.png,3
4653.png,2
4654.png,4
4655.png,3
4656.png,3
4657.png,2
4658.png,3
4659.png,3
4660.png,0
4661.png,0
4662.png,1
4663.png,4
4664.png,1
4665.png,4
4666.png,3
4667.png,1
4668.png,1
4669.png,4
4670.png,3
4671.png,1
4672.png,3
4673.png,3
4674.png,4
4675.png,0
4676.png,0
4677.png,1
4678.png,3
4679.png,3
4680.png,3
4681.png,2
4682.png,3
4683.png,3
4684.png,4
4685.png,4
4686.png,2
4687.png,1
4688.png,0
4689.png,1
4690.png,3
4691.png,1
4692.png,2
4693.png,0
4694.png,3
4695.png,3
4696.png,0
4697.png,1
4698.png,0
4699.png,0
4700.png,3
4701.png,0
4702.png,2
4703.png,1
4704.png,0
4705.png,1
4706.png,0
4707.png,2
4708.png,2
4709.png,2
4710.png,2
4711.png,3
4712.png,3
4713.png,4
4714.png,2
4715.png,1
4716.png,2
4717.png,3
4718.png,0
4719.png,0
4720.png,1
4721.png,1
4722.png,4
4723.png,4
4724.png,0
4725.png,1
4726.png,0
4727.png,3
4728.png,4
4729.png,0
4730.png,1
4731.png,4
4732.png,1
4733.png,3
4734.png,2
4735.png,1
4736.png,0
4737.png,3
4738.png,3
4739.png,1
4740.png,2
4741.png,4
4742.png,2
4743.png,1
4744.png,3
4745.png,1
4746.png,3
4747.png,4
4748.png,4
4749.png,1
4750.png,2
4751.png,1
4752.png,2
4753.png,2
4754.png,0
4755.png,3
4756.png,0
4757.png,1
4758.png,3
4759.png,0
4760.png,3
4761.png,4
4762.png,3
4763.png,4
4764.png,1
4765.png,0
4766.png,2
4767.png,1
4768.png,2
4769.png,4
4770.png,3
4771.png,1
4772.png,3
4773.png,1
4774.png,1
4775.png,4
4776.png,2
4777.png,4
4778.png,4
4779.png,3
4780.png,2
4781.png,3
4782.png,2
4783.png,3
4784.png,0
4785.png,0
4786.png,4
4787.png,3
4788.png,3
4789.png,2
4790.png,0
4791.png,3
4792.png,3
4793.png,0
4794.png,0
4795.png,0
4796.png,2
4797.png,3
4798.png,2
4799.png,2
4800.png,3
4801.png,1
4802.png,0
4803.png,3
4804.png,2
4805.png,4
4806.png,1
4807.png,1
4808.png,2
4809.png,4
4810.png,0
4811.png,4
4812.png,3
4813.png,2
4814.png,0
4815.png,2
4816.png,2
4817.png,4
4818.png,1
4819.png,2
4820.png,2
4821.png,0
4822.png,2
4823.png,0
4824.png,4
4825.png,2
4826.png,0
4827.png,0
4828.png,2
4829.png,0
4830.png,2
4831.png,2
4832.png,3
4833.png,1
4834.png,3
4835.png,3
4836.png,3
4837.png,0
4838.png,3
4839.png,3
4840.png,4
4841.png,4
4842.png,4
4843.png,4
4844.png,2
4845.png,0
4846.png,4
4847.png,1
4848.png,0
4849.png,0
4850.png,2
4851.png,3
4852.png,3
4853.png,0
4854.png,0
4855.png,0
4856.png,3
4857.png,2
4858.png,4
4859.png,2
4860.png,2
4861.png,1
4862.png,0
4863.png,4
4864.png,0
4865.png,0
4866.png,4
4867.png,2
4868.png,4
4869.png,1
4870.png,1
4871.png,4
4872.png,3
4873.png,1
4874.png,0
4875.png,3
4876.png,0
4877.png,2
4878.png,3
4879.png,2
4880.png,2
4881.png,3
4882.png,0
4883.png,3
4884.png,3
4885.png,4
4886.png,4
4887.png,0
4888.png,0
4889.png,1
4890.png,1
4891.png,3
4892.png,0
4893.png,4
4894.png,2
4895.png,3
4896.png,1
4897.png,3
4898.png,4
4899.png,3
4900.png,0
4901.png,0
4902.png,2
4903.png,4
4904.png,4
4905.png,4
4906.png,3
4907.png,1
4908.png,1
4909.png,0
4910.png,2
4911.png,0
4912.png,2
4913.png,4
4914.png,3
4915.png,3
4916.png,3
4917.png,2
4918.png,4
4919.png,0
4920.png,0
4921.png,1
4922.png,3
4923.png,2
4924.png,2
4925.png,3
4926.png,3
4927.png,3
4928.png,3
4929.png,0
4930.png,1
4931.png,1
4932.png,3
4933.png,4
4934.png,0
4935.png,3
4936.png,3
4937.png,1
4938.png,0
4939.png,0
4940.png,0
4941.png,3
4942.png,2
4943.png,2
4944.png,4
4945.png,3
4946.png,1
4947.png,3
4948.png,1
4949.png,1
4950.png,3
4951.png,4
4952.png,2
4953.png,2
4954.png,1
4955.png,4
4956.png,0
4957.png,1
4958.png,2
4959.png,4
4960.png,2
4961.png,4
4962.png,0
4963.png,0
4964.png,2
4965.png,3
4966.png,1
4967.png,2
4968.png,4
4969.png,0
4970.png,1
4971.png,4
4972.png,4
4973.png,0
4974.png,0
4975.png,1
4976.png,2
4977.png,3
4978.png,1
4979.png,0
4980.png,3
4981.png,3
4982.png,4
4983.png,2
4984.png,4
4985.png,1
4986.png,4
4987.png,0
4988.png,0
4989.png,0
4990.png,4
4991.png,4
4992.png,2
4993.png,3
4994.png,2
4995.png,2
4996.png,1
4997.png,1
4998.png,4
4999.png,4
5000.png,1
5001.png,2
5002.png,1
5003.png,4
5004.png,2
5005.png,4
5006.png,2
5007.png,1
5008.png,0
5009.png,2
5010.png,3
5011.png,3
5012.png,1
5013.png,1
5014.png,2
5015.png,3
5016.png,2
5017.png,2
5018.png,2
5019.png,1
5020.png,3
5021.png,0
5022.png,4
5023.png,1
5024.png,0
5025.png,3
5026.png,1
5027.png,4
5028.png,2
5029.png,1
5030.png,4
5031.png,2
5032.png,1
5033.png,4
5034.png,0
5035.png,3
5036.png,2
5037.png,2
5038.png,1
5039.png,1
5040.png,3
5041.png,2
5042.png,0
5043.png,1
5044.png,1
5045.png,2
5046.png,4
5047.png,3
5048.png,2
5049.png,1
5050.png,4
5051.png,3
5052.png,1
5053.png,1
5054.png,4
5055.png,2
5056.png,4
5057.png,0
5058.png,0
5059.png,3
5060.png,4
5061.png,2
5062.png,4
5063.png,1
5064.png,0
5065.png,1
5066.png,0
5067.png,2
5068.png,0
5069.png,1
5070.png,1
5071.png,2
5072.png,1
5073.png,1
5074.png,4
5075.png,4
5076.png,2
5077.png,0
5078.png,0
5079.png,2
5080.png,0
5081.png,1
5082.png,0
5083.png,1
5084.png,3
5085.png,3
5086.png,4
5087.png,1
5088.png,3
5089.png,3
5090.png,3
5091.png,0
5092.png,2
5093.png,3
5094.png,1
5095.png,2
5096.png,3
5097.png,4
5098.png,4
5099.png,1
5100.png,3
5101.png,4
5102.png,0
5103.png,0
5104.png,2
5105.png,2
5106.png,0
5107.png,0
5108.png,3
5109.png,4
5110.png,4
5111.png,2
5112.png,2
5113.png,0
5114.png,0
5115.png,4
5116.png,4
5117.png,0
5118.png,4
5119.png,4
5120.png,1
5121.png,4
5122.png,2
5123.png,4
5124.png,1
5125.png,4
5126.png,4
5127.png,0
5128.png,2
5129.png,4
5130.png,1
5131.png,1
5132.png,3
5133.png,2
5134.png,1
5135.png,2
5136.png,3
5137.png,4
5138.png,0
5139.png,2
5140.png,2
5141.png,4
5142.png,2
5143.png,1
5144.png,0
5145.png,1
5146.png,4
5147.png,2
5148.png,0
5149.png,0
5150.png,4
5151.png,2
5152.png,1
5153.png,2
5154.png,2
5155.png,1
5156.png,1
5157.png,4
5158.png,3
5159.png,0
5160.png,0
5161.png,1
5162.png,0
5163.png,3
5164.png,4
5165.png,3
5166.png,3
5167.png,2
5168.png,4
5169.png,0
5170.png,4
5171.png,4
5172.png,0
5173.png,3
5174.png,2
5175.png,4
5176.png,1
5177.png,3
5178.png,1
5179.png,0
5180.png,2
5181.png,1
5182.png,3
5183.png,0
5184.png,0
5185.png,2
5186.png,1
5187.png,4
5188.png,1
5189.png,1
5190.png,3
5191.png,4
5192.png,2
5193.png,1
5194.png,2
5195.png,3
5196.png,4
5197.png,2
5198.png,1
5199.png,1
5200.png,0
5201.png,2
5202.png,1
5203.png,1
5204.png,1
5205.png,4
5206.png,2
5207.png,2
5208.png,2
5209.png,1
5210.png,4
5211.png,0
5212.png,2
5213.png,4
5214.png,3
5215.png,1
5216.png,2
5217.png,3
5218.png,4
5219.png,0
5220.png,0
5221.png,0
5222.png,0
5223.png,0
5224.png,2
5225.png,1
5226.png,0
5227.png,2
5228.png,4
5229.png,2
5230.png,0
5231.png,1
5232.png,4
5233.png,0
5234.png,2
5235.png,4
5236.png,4
5237.png,1
5238.png,1
5239.png,0
5240.png,1
5241.png,3
5242.png,2
5243.png,1
5244.png,2
5245.png,2
5246.png,2
5247.png,1
5248.png,0
5249.png,3
5250.png,0
5251.png,3
5252.png,4
5253.png,3
5254.png,1
5255.png,0
5256.png,2
5257.png,1
5258.png,2
5259.png,4
5260.png,2
5261.png,0
5262.png,3
5263.png,4
5264.png,2
5265.png,3
5266.png,4
5267.png,2
5268.png,1
5269.png,4
5270.png,2
5271.png,4
5272.png,1
5273.png,1
5274.png,0
5275.png,4
5276.png,3
5277.png,4
5278.png,0
5279.png,4
5280.png,0
5281.png,4
5282.png,3
5283.png,0
5284.png,2
5285.png,4
5286.png,3
5287.png,0
5288.png,1
5289.png,4
5290.png,2
5291.png,3
5292.png,0
5293.png,0
5294.png,0
5295.png,1
5296.png,0
5297.png,2
5298.png,1
5299.png,2
5300.png,0
5301.png,1
5302.png,0
5303.png,0
5304.png,0
5305.png,2
5306.png,4
5307.png,1
5308.png,0
5309.png,1
5310.png,3
5311.png,1
5312.png,3
5313.png,4
5314.png,3
5315.png,3
5316.png,2
5317.png,4
5318.png,0
5319.png,2
5320.png,4
5321.png,3
5322.png,1
5323.png,0
5324.png,0
5325.png,2
5326.png,3
5327.png,3
5328.png,3
5329.png,2
5330.png,0
5331.png,4
5332.png,1
5333.png,4
5334.png,4
5335.png,3
5336.png,2
5337.png,0
5338.png,3
5339.png,0
5340.png,0
5341.png,3
5342.png,2
5343.png,0
5344.png,4
5345.png,4
5346.png,0
5347.png,1
5348.png,0
5349.png,1
5350.png,3
5351.png,1
5352.png,4
5353.png,4
5354.png,2
5355.png,4
5356.png,0
5357.png,2
5358.png,2
5359.png,4
5360.png,0
5361.png,3
5362.png,2
5363.png,3
5364.png,0
5365.png,0
5366.png,0
5367.png,3
5368.png,2
5369.png,3
5370.png,4
5371.png,3
5372.png,2
5373.png,3
5374.png,2
5375.png,2
5376.png,4
5377.png,4
5378.png,1
5379.png,0
5380.png,1
5381.png,1
5382.png,2
5383.png,0
5384.png,4
5385.png,4
5386.png,2
5387.png,1
5388.png,1
5389.png,2
5390.png,3
5391.png,4
5392.png,3
5393.png,3
5394.png,1
5395.png,3
5396.png,1
5397.png,4
5398.png,4
5399.png,2
5400.png,0
5401.png,0
5402.png,0
5403.png,3
5404.png,1
5405.png,1
5406.png,3
5407.png,0
5408.png,0
5409.png,2
5410.png,0
5411.png,1
5412.png,1
5413.png,4
5414.png,4
5415.png,2
5416.png,3
5417.png,2
5418.png,0
5419.png,0
5420.png,1
5421.png,2
5422.png,3
5423.png,1
5424.png,1
5425.png,0
5426.png,1
5427.png,2
5428.png,0
5429.png,4
5430.png,3
5431.png,0
5432.png,1
5433.png,2
5434.png,4
5435.png,2
5436.png,1
5437.png,2
5438.png,3
5439.png,4
5440.png,3
5441.png,2
5442.png,1
5443.png,2
5444.png,1
5445.png,1
5446.png,4
5447.png,0
5448.png,0
5449.png,4
5450.png,0
5451.png,4
5452.png,3
5453.png,1
5454.png,3
5455.png,2
5456.png,4
5457.png,4
5458.png,2
5459.png,1
5460.png,2
5461.png,3
5462.png,1
5463.png,4
5464.png,2
5465.png,4
5466.png,2
5467.png,0
5468.png,1
5469.png,3
5470.png,1
5471.png,0
5472.png,3
5473.png,0
5474.png,3
5475.png,4
5476.png,0
5477.png,3
5478.png,1
5479.png,3
5480.png,3
5481.png,4
5482.png,3
5483.png,3
5484.png,2
5485.png,2
5486.png,2
5487.png,1
5488.png,3
5489.png,1
5490.png,3
5491.png,0
5492.png,4
5493.png,2
5494.png,4
5495.png,3
5496.png,4
5497.png,2
5498.png,1
5499.png,1
5500.png,1
5501.png,3
5502.png,0
5503.png,2
5504.png,0
5505.png,3
5506.png,0
5507.png,3
5508.png,3
5509.png,0
5510.png,0
5511.png,4
5512.png,0
5513.png,3
5514.png,4
5515.png,4
5516.png,2
5517.png,1
5518.png,4
5519.png,2
5520.png,3
5521.png,0
5522.png,0
5523.png,4
5524.png,1
5525.png,3
5526.png,1
5527.png,3
5528.png,0
5529.png,0
5530.png,2
5531.png,4
5532.png,4
5533.png,0
5534.png,3
5535.png,3
5536.png,0
5537.png,2
5538.png,4
5539.png,4
5540.png,0
5541.png,4
5542.png,4
5543.png,0
5544.png,1
5545.png,3
5546.png,3
5547.png,3
5548.png,3
5549.png,0
5550.png,4
5551.png,1
5552.png,2
5553.png,2
5554.png,2
5555.png,1
5556.png,1
5557.png,3
5558.png,3
5559.png,0
5560.png,4
5561.png,4
5562.png,3
5563.png,1
5564.png,4
5565.png,0
5566.png,4
5567.png,4
5568.png,2
5569.png,3
5570.png,4
5571.png,3
5572.png,0
5573.png,0
5574.png,4
5575.png,3
5576.png,4
5577.png,4
5578.png,4
5579.png,0
5580.png,3
5581.png,1
5582.png,1
5583.png,2
5584.png,1
5585.png,3
5586.png,3
5587.png,1
5588.png,4
5589.png,0
5590.png,0
5591.png,0
5592.png,0
5593.png,3
5594.png,2
5595.png,1
5596.png,4
5597.png,4
5598.png,3
5599.png,4
5600.png,2
5601.png,4
5602.png,4
5603.png,1
5604.png,2
5605.png,4
5606.png,0
5607.png,2
5608.png,1
5609.png,3
5610.png,2
5611.png,1
5612.png,3
5613.png,4
5614.png,3
5615.png,1
5616.png,0
5617.png,4
5618.png,4
5619.png,1
5620.png,4
5621.png,2
5622.png,0
5623.png,1
5624.png,0
5625.png,3
5626.png,4
5627.png,2
5628.png,0
5629.png,3
5630.png,2
5631.png,4
5632.png,3
5633.png,0
5634.png,1
5635.png,3
5636.png,1
5637.png,4
5638.png,0
5639.png,1
5640.png,0
5641.png,0
5642.png,4
5643.png,0
5644.png,0
5645.png,3
5646.png,0
5647.png,2
5648.png,1
5649.png,1
5650.png,1
5651.png,2
5652.png,0
5653.png,4
5654.png,2
5655.png,4
5656.png,1
5657.png,1
5658.png,1
5659.png,0
5660.png,4
5661.png,1
5662.png,2
5663.png,3
5664.png,1
5665.png,4
5666.png,0
5667.png,4
5668.png,1
5669.png,3
5670.png,4
5671.png,1
5672.png,2
5673.png,3
5674.png,1
5675.png,2
5676.png,1
5677.png,0
5678.png,2
5679.png,2
5680.png,0
5681.png,1
5682.png,1
5683.png,2
5684.png,2
5685.png,4
5686.png,2
5687.png,3
5688.png,2
5689.png,0
5690.png,0
5691.png,3
5692.png,3
5693.png,1
5694.png,2
5695.png,2
5696.png,0
5697.png,2
5698.png,3
5699.png,2
5700.png,4
5701.png,4
5702.png,3
5703.png,4
5704.png,2
5705.png,1
5706.png,4
5707.png,2
5708.png,1
5709.png,0
5710.png,3
5711.png,2
5712.png,1
5713.png,2
5714.png,4
5715.png,0
5716.png,3
5717.png,2
5718.png,0
5719.png,4
5720.png,4
5721.png,3
5722.png,0
5723.png,4
5724.png,3
5725.png,0
5726.png,4
5727.png,0
5728.png,1
5729.png,2
5730.png,0
5731.png,3
5732.png,1
5733.png,3
5734.png,3
5735.png,1
5736.png,0
5737.png,0
5738.png,2
5739.png,1
5740.png,2
5741.png,4
5742.png,2
5743.png,3
5744.png,3
5745.png,0
5746.png,3
5747.png,4
5748.png,2
5749.png,4
5750.png,4
5751.png,1
5752.png,4
5753.png,2
5754.png,3
5755.png,2
5756.png,2
5757.png,1
5758.png,0
5759.png,2
5760.png,4
5761.png,4
5762.png,4
5763.png,3
5764.png,3
5765.png,3
5766.png,4
5767.png,2
5768.png,1
5769.png,3
5770.png,3
5771.png,3
5772.png,2
5773.png,1
5774.png,0
5775.png,2
5776.png,1
5777.png,0
5778.png,4
5779.png,2
5780.png,1
5781.png,2
5782.png,4
5783.png,1
5784.png,4
5785.png,4
5786.png,2
5787.png,2
5788.png,2
5789.png,4
5790.png,0
5791.png,3
5792.png,2
5793.png,1
5794.png,0
5795.png,0
5796.png,4
5797.png,3
5798.png,4
5799.png,2
5800.png,3
5801.png,2
5802.png,1
5803.png,2
5804.png,4
5805.png,2
5806.png,4
5807.png,4
5808.png,1
5809.png,4
5810.png,0
5811.png,4
5812.png,0
5813.png,3
5814.png,1
5815.png,0
5816.png,1
5817.png,1
5818.png,2
5819.png,1
5820.png,0
5821.png,3
5822.png,4
5823.png,4
5824.png,2
5825.png,1
5826.png,3
5827.png,2
5828.png,0
5829.png,1
5830.png,4
5831.png,0
5832.png,3
5833.png,3
5834.png,2
5835.png,0
5836.png,3
5837.png,2
5838.png,0
5839.png,2
5840.png,0
5841.png,0
5842.png,2
5843.png,1
5844.png,4
5845.png,3
5846.png,0
5847.png,0
5848.png,4
5849.png,2
5850.png,3
5851.png,3
5852.png,1
5853.png,3
5854.png,3
5855.png,0
5856.png,4
5857.png,1
5858.png,1
5859.png,1
5860.png,4
5861.png,4
5862.png,0
5863.png,4
5864.png,2
5865.png,0
5866.png,2
5867.png,2
5868.png,3
5869.png,2
5870.png,2
5871.png,2
5872.png,2
5873.png,1
5874.png,3
5875.png,4
5876.png,0
5877.png,0
5878.png,3
5879.png,0
5880.png,3
5881.png,1
5882.png,2
5883.png,2
5884.png,4
5885.png,4
5886.png,2
5887.png,3
5888.png,0
5889.png,2
5890.png,3
5891.png,1
5892.png,2
5893.png,1
5894.png,2
5895.png,2
5896.png,4
5897.png,2
5898.png,0
5899.png,0
5900.png,2
5901.png,4
5902.png,4
5903.png,2
5904.png,1
5905.png,0
5906.png,4
5907.png,2
5908.png,4
5909.png,4
5910.png,1
5911.png,2
5912.png,3
5913.png,2
5914.png,1
5915.png,4
5916.png,1
5917.png,4
5918.png,1
5919.png,4
5920.png,3
5921.png,4
5922.png,3
5923.png,1
5924.png,1
5925.png,3
5926.png,1
5927.png,0
5928.png,4
5929.png,4
5930.png,3
5931.png,3
5932.png,4
5933.png,0
5934.png,4
5935.png,2
5936.png,4
5937.png,0
5938.png,3
5939.png,4
5940.png,0
5941.png,1
5942.png,3
5943.png,2
5944.png,4
5945.png,1
5946.png,2
5947.png,3
5948.png,2
5949.png,2
5950.png,0
5951.png,1
5952.png,2
5953.png,1
5954.png,3
5955.png,3
5956.png,4
5957.png,3
5958.png,3
5959.png,2
5960.png,2
5961.png,4
5962.png,4
5963.png,0
5964.png,3
5965.png,2
5966.png,2
5967.png,3
5968.png,4
5969.png,1
5970.png,1
5971.png,4
5972.png,4
5973.png,2
5974.png,4
5975.png,4
5976.png,1
5977.png,2
5978.png,3
5979.png,0
5980.png,3
5981.png,2
5982.png,1
5983.png,1
5984.png,0
5985.png,1
5986.png,1
5987.png,1
5988.png,4
5989.png,3
5990.png,3
5991.png,2
5992.png,1
5993.png,0
5994.png,4
5995.png,2
5996.png,4
5997.png,1
5998.png,1
5999.png,0
6000.png,3
6001.png,3
6002.png,4
6003.png,4
6004.png,2
6005.png,2
6006.png,0
6007.png,0
6008.png,3
6009.png,2
6010.png,0
6011.png,3
6012.png,3
6013.png,0
6014.png,4
6015.png,1
6016.png,3
6017.png,0
6018.png,1
6019.png,3
6020.png,3
6021.png,0
6022.png,3
6023.png,1
6024.png,4
6025.png,4
6026.png,3
6027.png,0
6028.png,3
6029.png,3
6030.png,4
6031.png,3
6032.png,2
6033.png,0
6034.png,0
6035.png,3
6036.png,2
6037.png,0
6038.png,2
6039.png,0
6040.png,0
6041.png,3
6042.png,2
6043.png,1
6044.png,1
6045.png,0
6046.png,2
6047.png,3
6048.png,4
6049.png,2
6050.png,4
6051.png,3
6052.png,4
6053.png,0
6054.png,2
6055.png,2
6056.png,2
6057.png,1
6058.png,3
6059.png,2
6060.png,3
6061.png,3
6062.png,4
6063.png,1
6064.png,0
6065.png,4
6066.png,2
6067.png,4
6068.png,1
6069.png,3
6070.png,0
6071.png,4
6072.png,4
6073.png,1
6074.png,1
6075.png,4
6076.png,3
6077.png,1
6078.png,2
6079.png,0
6080.png,2
6081.png,1
6082.png,4
6083.png,3
6084.png,3
6085.png,1
6086.png,2
6087.png,2
6088.png,1
6089.png,1
6090.png,2
6091.png,1
6092.png,0
6093.png,1
6094.png,0
6095.png,0
6096.png,4
6097.png,1
6098.png,0
6099.png,3
6100.png,3
6101.png,4
6102.png,0
6103.png,4
6104.png,1
6105.png,3
6106.png,1
6107.png,1
6108.png,1
6109.png,2
6110.png,4
6111.png,1
6112.png,2
6113.png,0
6114.png,4
6115.png,2
6116.png,3
6117.png,1
6118.png,4
6119.png,1
6120.png,4
6121.png,2
6122.png,2
6123.png,0
6124.png,2
6125.png,2
6126.png,4
6127.png,2
6128.png,4
6129.png,3
6130.png,4
6131.png,0
6132.png,0
6133.png,2
6134.png,4
6135.png,1
6136.png,0
6137.png,1
6138.png,1
6139.png,4
6140.png,0
6141.png,0
6142.png,2
6143.png,1
6144.png,1
6145.png,0
6146.png,2
6147.png,3
6148.png,1
6149.png,1
6150.png,0
6151.png,1
6152.png,4
6153.png,1
6154.png,0
6155.png,1
6156.png,3
6157.png,0
6158.png,0
6159.png,3
6160.png,3
6161.png,1
6162.png,1
6163.png,0
6164.png,2
6165.png,1
6166.png,3
6167.png,3
6168.png,0
6169.png,3
6170.png,0
6171.png,4
6172.png,1
6173.png,4
6174.png,3
6175.png,2
6176.png,0
6177.png,4
6178.png,0
6179.png,1
6180.png,4
6181.png,2
6182.png,2
6183.png,2
6184.png,0
6185.png,3
6186.png,4
6187.png,4
6188.png,4
6189.png,3
6190.png,4
6191.png,3
6192.png,3
6193.png,2
6194.png,0
6195.png,2
6196.png,2
6197.png,2
6198.png,2
6199.png,2
6200.png,0
6201.png,1
6202.png,0
6203.png,3
6204.png,3
6205.png,3
6206.png,1
6207.png,4
6208.png,0
6209.png,4
6210.png,3
6211.png,3
6212.png,3
6213.png,0
6214.png,4
6215.png,0
6216.png,0
6217.png,3
6218.png,2
6219.png,2
6220.png,3
6221.png,2
6222.png,3
6223.png,4
6224.png,1
6225.png,0
6226.png,3
6227.png,2
6228.png,3
6229.png,4
6230.png,4
6231.png,1
6232.png,4
6233.png,1
6234.png,1
6235.png,4
6236.png,4
6237.png,4
6238.png,3
6239.png,1
6240.png,3
6241.png,1
6242.png,4
6243.png,0
6244.png,3
6245.png,1
6246.png,4
6247.png,1
6248.png,0
6249.png,3
6250.png,2
6251.png,1
6252.png,1
6253.png,3
6254.png,2
6255.png,4
6256.png,1
6257.png,3
6258.png,1
6259.png,1
6260.png,4
6261.png,4
6262.png,3
6263.png,4
6264.png,3
6265.png,4
6266.png,3
6267.png,3
6268.png,3
6269.png,4
6270.png,2
6271.png,4
6272.png,3
6273.png,2
6274.png,3
6275.png,0
6276.png,1
6277.png,4
6278.png,1
6279.png,1
6280.png,2
6281.png,2
6282.png,1
6283.png,2
6284.png,1
6285.png,1
6286.png,1
6287.png,0
6288.png,0
6289.png,3
6290.png,3
6291.png,2
6292.png,1
6293.png,3
6294.png,2
6295.png,1
6296.png,1
6297.png,2
6298.png,1
6299.png,4
6300.png,2
6301.png,1
6302.png,0
6303.png,0
6304.png,0
6305.png,0
6306.png,2
6307.png,1
6308.png,1
6309.png,3
6310.png,0
6311.png,2
6312.png,3
6313.png,4
6314.png,4
6315.png,0
6316.png,2
6317.png,2
6318.png,4
6319.png,0
6320.png,1
6321.png,2
6322.png,2
6323.png,0
6324.png,3
6325.png,2
6326.png,0
6327.png,2
6328.png,0
6329.png,4
6330.png,1
6331.png,3
6332.png,2
6333.png,4
6334.png,4
6335.png,3
6336.png,4
6337.png,4
6338.png,4
6339.png,2
6340.png,1
6341.png,4
6342.png,3
6343.png,2
6344.png,3
6345.png,3
6346.png,1
6347.png,0
6348.png,4
6349.png,2
6350.png,4
6351.png,3
6352.png,0
6353.png,3
6354.png,3
6355.png,3
6356.png,2
6357.png,1
6358.png,3
6359.png,2
6360.png,3
6361.png,4
6362.png,2
6363.png,4
6364.png,2
6365.png,3
6366.png,1
6367.png,0
6368.png,1
6369.png,0
6370.png,0
6371.png,1
6372.png,3
6373.png,2
6374.png,4
6375.png,0
6376.png,3
6377.png,4
6378.png,4
6379.png,3
6380.png,3
6381.png,4
6382.png,4
6383.png,1
6384.png,3
6385.png,0
6386.png,3
6387.png,1
6388.png,3
6389.png,3
6390.png,0
6391.png,4
6392.png,2
6393.png,4
6394.png,3
6395.png,0
6396.png,3
6397.png,1
6398.png,3
6399.png,4
6400.png,4
6401.png,4
6402.png,1
6403.png,4
6404.png,3
6405.png,0
6406.png,0
6407.png,3
6408.png,3
6409.png,3
6410.png,3
6411.png,0
6412.png,4
6413.png,0
6414.png,0
6415.png,4
6416.png,2
6417.png,2
6418.png,1
6419.png,1
6420.png,2
6421.png,4
6422.png,2
6423.png,0
6424.png,2
6425.png,3
6426.png,2
6427.png,0
6428.png,4
6429.png,2
6430.png,3
6431.png,3
6432.png,1
6433.png,0
6434.png,0
6435.png,2
6436.png,3
6437.png,4
6438.png,1
6439.png,2
6440.png,4
6441.png,1
6442.png,3
6443.png,4
6444.png,4
6445.png,4
6446.png,1
6447.png,3
6448.png,4
6449.png,3
6450.png,3
6451.png,3
6452.png,3
6453.png,0
6454.png,4
6455.png,1
6456.png,1
6457.png,1
6458.png,3
6459.png,0
6460.png,2
6461.png,2
6462.png,0
6463.png,3
6464.png,3
6465.png,3
6466.png,1
6467.png,0
6468.png,4
6469.png,4
6470.png,0
6471.png,0
6472.png,0
6473.png,2
6474.png,2
6475.png,2
6476.png,1
6477.png,4
6478.png,2
6479.png,3
6480.png,2
6481.png,1
6482.png,4
6483.png,1
6484.png,4
6485.png,1
6486.png,3
6487.png,4
6488.png,0
6489.png,3
6490.png,0
6491.png,2
6492.png,3
6493.png,2
6494.png,4
6495.png,2
6496.png,0
6497.png,2
6498.png,4
6499.png,4
6500.png,1
6501.png,4
6502.png,1
6503.png,4
6504.png,0
6505.png,0
6506.png,4
6507.png,1
6508.png,1
6509.png,1
6510.png,2
6511.png,4
6512.png,1
6513.png,4
6514.png,0
6515.png,2
6516.png,0
6517.png,3
6518.png,3
6519.png,2
6520.png,2
6521.png,2
6522.png,3
6523.png,2
6524.png,3
6525.png,0
6526.png,2
6527.png,3
6528.png,2
6529.png,0
6530.png,1
6531.png,3
6532.png,1
6533.png,1
6534.png,4
6535.png,2
6536.png,2
6537.png,1
6538.png,1
6539.png,1
6540.png,0
6541.png,4
6542.png,1
6543.png,1
6544.png,4
6545.png,2
6546.png,4
6547.png,0
6548.png,4
6549.png,1
6550.png,1
6551.png,3
6552.png,2
6553.png,3
6554.png,3
6555.png,2
6556.png,1
6557.png,1
6558.png,0
6559.png,3
6560.png,1
6561.png,1
6562.png,3
6563.png,4
6564.png,4
6565.png,0
6566.png,3
6567.png,4
6568.png,4
6569.png,4
6570.png,3
6571.png,3
6572.png,1
6573.png,2
6574.png,0
6575.png,1
6576.png,2
6577.png,3
6578.png,4
6579.png,1
6580.png,2
6581.png,4
6582.png,0
6583.png,4
6584.png,3
6585.png,3
6586.png,2
6587.png,1
6588.png,1
6589.png,2
6590.png,1
6591.png,1
6592.png,3
6593.png,4
6594.png,1
6595.png,4
6596.png,4
6597.png,4
6598.png,2
6599.png,1
6600.png,3
6601.png,0
6602.png,4
6603.png,2
6604.png,3
6605.png,4
6606.png,1
6607.png,3
6608.png,3
6609.png,0
6610.png,0
6611.png,3
6612.png,2
6613.png,0
6614.png,4
6615.png,2
6616.png,0
6617.png,2
6618.png,2
6619.png,2
6620.png,1
6621.png,4
6622.png,0
6623.png,0
6624.png,2
6625.png,2
6626.png,3
6627.png,2
6628.png,4
6629.png,3
6630.png,0
6631.png,3
6632.png,0
6633.png,1
6634.png,2
6635.png,0
6636.png,2
6637.png,2
6638.png,4
6639.png,4
6640.png,1
6641.png,3
6642.png,2
6643.png,4
6644.png,0
6645.png,3
6646.png,1
6647.png,2
6648.png,4
6649.png,1
6650.png,0
6651.png,1
6652.png,0
6653.png,1
6654.png,1
6655.png,4
6656.png,3
6657.png,2
6658.png,3
6659.png,1
6660.png,3
6661.png,1
6662.png,2
6663.png,2
6664.png,0
6665.png,4
6666.png,0
6667.png,1
6668.png,3
6669.png,3
6670.png,1
6671.png,2
6672.png,2
6673.png,3
6674.png,4
6675.png,0
6676.png,3
6677.png,0
6678.png,4
6679.png,2
6680.png,0
6681.png,1
6682.png,2
6683.png,0
6684.png,4
6685.png,0
6686.png,3
6687.png,3
6688.png,1
6689.png,0
6690.png,2
6691.png,1
6692.png,1
6693.png,4
6694.png,0
6695.png,3
6696.png,0
6697.png,3
6698.png,1
6699.png,0
6700.png,4
6701.png,4
6702.png,1
6703.png,0
6704.png,4
6705.png,4
6706.png,2
6707.png,1
6708.png,1
6709.png,3
6710.png,2
6711.png,0
6712.png,4
6713.png,4
6714.png,3
6715.png,3
6716.png,0
6717.png,1
6718.png,1
6719.png,0
6720.png,4
6721.png,0
6722.png,1
6723.png,2
6724.png,4
6725.png,2
6726.png,2
6727.png,0
6728.png,4
6729.png,1
6730.png,4
6731.png,4
6732.png,4
6733.png,4
6734.png,1
6735.png,0
6736.png,3
6737.png,0
6738.png,3
6739.png,0
6740.png,3
6741.png,3
6742.png,0
6743.png,3
6744.png,2
6745.png,2
6746.png,1
6747.png,0
6748.png,3
6749.png,2
6750.png,2
6751.png,3
6752.png,2
6753.png,0
6754.png,4
6755.png,1
6756.png,2
6757.png,4
6758.png,4
6759.png,0
6760.png,3
6761.png,3
6762.png,0
6763.png,0
6764.png,3
6765.png,2
6766.png,4
6767.png,4
6768.png,3
6769.png,2
6770.png,3
6771.png,3
6772.png,4
6773.png,2
6774.png,1
6775.png,3
6776.png,4
6777.png,4
6778.png,0
6779.png,0
6780.png,3
6781.png,0
6782.png,1
6783.png,0
6784.png,1
6785.png,3
6786.png,3
6787.png,0
6788.png,4
6789.png,1
6790.png,2
6791.png,0
6792.png,3
6793.png,4
6794.png,4
6795.png,2
6796.png,3
6797.png,3
6798.png,2
6799.png,2
6800.png,3
6801.png,3
6802.png,4
6803.png,1
6804.png,0
6805.png,2
6806.png,2
6807.png,1
6808.png,3
6809.png,2
6810.png,1
6811.png,0
6812.png,4
6813.png,2
6814.png,1
6815.png,4
6816.png,2
6817.png,3
6818.png,1
6819.png,1
6820.png,2
6821.png,3
6822.png,3
6823.png,1
6824.png,4
6825.png,0
6826.png,0
6827.png,4
6828.png,1
6829.png,2
6830.png,1
6831.png,2
6832.png,1
6833.png,3
6834.png,4
6835.png,4
6836.png,2
6837.png,3
6838.png,0
6839.png,3
6840.png,4
6841.png,2
6842.png,4
6843.png,1
6844.png,0
6845.png,2
6846.png,2
6847.png,4
6848.png,3
6849.png,2
6850.png,4
6851.png,1
6852.png,3
6853.png,1
6854.png,4
6855.png,1
6856.png,0
6857.png,3
6858.png,2
6859.png,2
6860.png,2
6861.png,3
6862.png,1
6863.png,3
6864.png,2
6865.png,1
6866.png,3
6867.png,0
6868.png,1
6869.png,1
6870.png,3
6871.png,2
6872.png,4
6873.png,4
6874.png,3
6875.png,3
6876.png,1
6877.png,0
6878.png,0
6879.png,0
6880.png,0
6881.png,3
6882.png,4
6883.png,0
6884.png,0
6885.png,1
6886.png,0
6887.png,1
6888.png,1
6889.png,4
6890.png,4
6891.png,1
6892.png,2
6893.png,2
6894.png,1
6895.png,4
6896.png,4
6897.png,4
6898.png,3
6899.png,4
6900.png,3
6901.png,0
6902.png,1
6903.png,4
6904.png,4
6905.png,3
6906.png,1
6907.png,3
6908.png,4
6909.png,4
6910.png,3
6911.png,0
6912.png,3
6913.png,2
6914.png,2
6915.png,3
6916.png,2
6917.png,0
6918.png,3
6919.png,2
6920.png,3
6921.png,1
6922.png,3
6923.png,0
6924.png,4
6925.png,0
6926.png,1
6927.png,0
6928.png,0
6929.png,0
6930.png,1
6931.png,1
6932.png,2
6933.png,1
6934.png,0
6935.png,2
6936.png,1
6937.png,4
6938.png,1
6939.png,3
6940.png,2
6941.png,2
6942.png,3
6943.png,1
6944.png,3
6945.png,4
6946.png,0
6947.png,1
6948.png,4
6949.png,0
6950.png,4
6951.png,1
6952.png,4
6953.png,3
6954.png,2
6955.png,0
6956.png,4
6957.png,3
6958.png,2
6959.png,3
6960.png,4
6961.png,0
6962.png,3
6963.png,2
6964.png,3
6965.png,0
6966.png,3
6967.png,0
6968.png,1
6969.png,4
6970.png,4
6971.png,4
6972.png,1
6973.png,0
6974.png,0
6975.png,2
6976.png,4
6977.png,3
6978.png,4
6979.png,1
6980.png,0
6981.png,1
6982.png,0
6983.png,1
6984.png,2
6985.png,0
6986.png,0
6987.png,2
6988.png,4
6989.png,3
6990.png,4
6991.png,2
6992.png,3
6993.png,3
6994.png,1
6995.png,0
